id,title,genres,original_language,overview,popularity,production_companies,release_date,budget,revenue,runtime,status,tagline,vote_average,vote_count,credits,keywords,poster_path,backdrop_path,recommendations
19995,Avatar,Action-Adventure-Fantasy-Science Fiction,en,In the 22nd century a paraplegic Marine is dispatched to the moon Pandora on a unique mission but becomes torn between following orders and protecting an alien civilization.,296.05,Dune Entertainment-Lightstorm Entertainment-20th Century Fox-Ingenious Media,12/15/09,237000000,2920357254,162,Released,Enter the world of Pandora.,7.569,28943,Sam Worthington-Zoe Salda�a-Stephen Lang-Michelle Rodriguez-Sigourney Weaver-Giovanni Ribisi-Joel David Moore-CCH Pounder-Wes Studi-Laz Alonso-Dileep Rao-Matt Gerald-Sean Anthony Moran-Jason Whyte-Scott Lawrence-Kelly Kilgour-James Patrick Pitt-Sean Patrick Murphy-Peter Dillon-Kevin Dorman-Kelson Henderson-David Van Horn-Jacob Tomuri-Michael Blain-Rozgay-Jon Curry-Julene Renee-Luke Hawker-Woody Schultz-Peter Mensah-Sonia Yee-Jahnel Curfman-Ilram Choi-Kyla Warren-Alicia Vela-Bailey-Kyle Dryberg-Larry Rew-Dina Morrone-Rodney Cook,culture clash-future-space war-space colony-society-space travel-futuristic-romance-space-alien-tribe-alien planet-marine-soldier-battle-love affair-nature-anti war-power relations-mind and soul,/jRXYjXNq0Cs2TcJjLkki24MLp7u.jpg,/vL5LR6WdxWPjLPFRLe133jXWsh5.jpg,183392-111332-874764-613200-100287-1010821-1059673-773867-76600-572261-278698-24428-287003-49051-49026-520946-70160-27205-120-1726-811913
299534,Avengers: Endgame,Adventure-Science Fiction-Action,en,After the devastating events of Avengers: Infinity War the universe is in ruins due to the efforts of the Mad Titan Thanos. With the help of remaining allies the Avengers must assemble once more in order to undo Thanos' actions and restore order to the universe once and for all no matter what consequences may be in store.,201.42,Marvel Studios,4/24/19,356000000,2799439100,181,Released,Avenge the fallen.,8.268,22759,Robert Downey Jr.-Chris Evans-Mark Ruffalo-Chris Hemsworth-Scarlett Johansson-Jeremy Renner-Don Cheadle-Paul Rudd-Benedict Cumberbatch-Chadwick Boseman-Brie Larson-Tom Holland-Karen Gillan-Zoe Salda�a-Evangeline Lilly-Tessa Thompson-Rene Russo-Elizabeth Olsen-Anthony Mackie-Sebastian Stan-Tom Hiddleston-Danai Gurira-Benedict Wong-Pom Klementieff-Dave Bautista-Letitia Wright-John Slattery-Tilda Swinton-Jon Favreau-Hayley Atwell-Natalie Portman-Marisa Tomei-Taika Waititi-Angela Bassett-Michael Douglas-Michelle Pfeiffer-William Hurt-Cobie Smulders-Sean Gunn-Winston Duke-Linda Cardellini-Maximiliano Hern��ndez-Frank Grillo-Hiroyuki Sanada-Tom Vaughan-Lawlor-James D'Arcy-Jacob Batalon-Vin Diesel-Bradley Cooper-Gwyneth Paltrow-Robert Redford-Josh Brolin-Chris Pratt-Samuel L. Jackson-Lexi Rabe-Joe Russo-Ross Marquand-Emma Fuhrmann-Michael James Shaw-Terry Notary-Kerry Condon-Ben Sakamoto-Ava Russo-Cade Woodward-Stan Lee-Yvette Nicole Brown-Callan Mulvey-Lia Russo-Julian Russo-Taylor Patterson-Agostino Rosalina-Ken Jeong-Ty Simpkins-Jackson A. Dunn-Lee Moore-Bazlo LeClair-Loen LeClair-Matthew Berry-Joy McAvoy-John Michael Morris-Michael A. Cook-Brent McGee-Brian Schaeffer-Jamie Wedel-Anthony G Breed-Erica Ribley-Monique Ganderton-Jim Starlin-Jimmy Ray Pickens-Hye Jin Jang-Russell Bobbitt-James Lin-Jack Champion-Sam Hargrave-Patrick Gorman-Aaron Lazar-Robert Pralgo-Tom Wisdom-John Posey-Ameenah Kaplan-Olaniyan Thurmon-Jennifer Elmore-Mike Lutz-Anele Lundborg-Khanya Mkhize-Justin Shaw-Tom Antonellis-Ron Bottitta-Danielle Hartnett-Jennifer Cain-Arthur Ortiz-Ben Pronsky,space travel-time travel-time machine-sequel-superhero-based on comic-alien invasion-superhero team-marvel cinematic universe (mcu)-alternate timeline-father daughter relationship-sister sister relationship,/or06FN3Dka5tukK1e9sl16pB3iy.jpg,/7RyHsO4yDXtBv1zUU3mTpHeQ0d5.jpg,299536-299537-429617-99861-284053-363088-24428-271110-315635-284054-324857-284052-283995-100402-1726-10138-64690-76338-102899-287947-10195
76600,Avatar: The Way of Water,Science Fiction-Adventure-Action,en,Set more than a decade after the events of the first film learn the story of the Sully family (Jake Neytiri and their kids) the trouble that follows them the lengths they go to keep each other safe the battles they fight to stay alive and the tragedies they endure.,298.881,20th Century Studios-Lightstorm Entertainment,12/14/22,460000000,2320250281,192,Released,Return to Pandora.,7.656,9794,Sam Worthington-Zoe Salda�a-Sigourney Weaver-Stephen Lang-Kate Winslet-Cliff Curtis-Joel David Moore-CCH Pounder-Edie Falco-Jemaine Clement-Giovanni Ribisi-Britain Dalton-Jamie Flatters-Trinity Bliss-Jack Champion-Brendan Cowell-Bailey Bass-Filip Geljo-Duane Evans Jr.-Dileep Rao-Matt Gerald-Robert Okumu-Jennifer Stafford-Keston John-Kevin Dorman-Alicia Vela-Bailey-Sean Anthony Moran-Andrew Arrabito-Johnny Alexander-Kim Do-Victor T. Lopez-Maria Walker-Phil Brown-Jocelyn Christian-Joel Tobeck-Moana Ete-Phil Peleton-Jamie Landau-Jim Moore-Benjamin Hoetjes-Nikita Tu Bryant-Anthony Ahern-Shane Rangi-Rick Lucas-Tanya Drewery-Ava Diakhaby-Isaac Te Reina-Eric Farmer-Philip Mtambo-Daniel Lough-Cruz Moir-Alex Lucas-Scarlett Fernandez-Chloe Coleman-Jeremy Irwin-Jake McLean-CJ Jones-Adrien Antoine-Ingrid Donnadieu-Ninon Moreau-Sylvie Genty-Xavier Fagnon-Matt Mouredon-Julien Alluguette-Oscar Douieb-Anneliese Fromont-Mathieu Buscatto-Jaynelia Coadou-Marianne Leroux-Thi�ry Dub�-Laurent Maurel-Carmen Levrau-Pierre Boulanger-Patrick Mancini-Mich��le Bardollet-Luc Boulad-Boris Rehlinger-Alexandre Nguyen-Damien Witecka,loss of loved one-dying and death-alien life-form-resurrection-sequel-dysfunctional family-alien planet-distant future-adopted child-rebirth-family dynamics-adopted son-stronger villain-war,/t6HIqrRAclMCA60NsSmeqe9RmNV.jpg,/8rpDcsfLJypbO6vREc0547VKqEv.jpg,136283-823999-183392-1033219-111332-1064215-980078-676841-83121-874764-315162-594767-1007938-640146-762338-1109607-1109558-1109559-267805-965839
597,Titanic,Drama-Romance,en,101-year-old Rose DeWitt Bukater tells the story of her life aboard the Titanic 84 years later. A young Rose boards the ship with her mother and fianc�. Meanwhile Jack Dawson and Fabrizio De Rossi win third-class tickets aboard the ship. Rose tells the whole story from Titanic's departure through to its death���on its first and last voyage���on April 15 1912.,167.631,Paramount-20th Century Fox-Lightstorm Entertainment,11/18/97,200000000,2187463944,194,Released,Nothing on Earth could come between them.,7.89,22529,Leonardo DiCaprio-Kate Winslet-Billy Zane-Kathy Bates-Frances Fisher-Gloria Stuart-Victor Garber-Bill Paxton-Bernard Hill-David Warner-Jonathan Hyde-Lewis Abernathy-Suzy Amis-Nicholas Cascone-Danny Nucci-Jason Barry-Lew Palter-Eric Braeden-Ewan Stewart-Bernard Fox-Ioan Gruffudd-Jonny Phillips-Edward Fletcher-Scott G. Anderson-Martin East-Gregory Cooke-Alexandrea Owens-Seth Adkins-Michael Ensign-Anatoly M. Sagalevitch-Martin Hub-Mark Lindsay Chapman-Richard Graham-Paul Brightwell-Craig Kelly-Ron Donachie-Charlotte Chatton-Fannie Brett-Jenette Goldstein-Camilla Overbye Roos-Linda Kerns-Amy Gaipa-Martin Jarvis-Rosalind Ayres-Rochelle Rose-Jonathan Evans-Jones-Rocky Taylor-Liam Tuohy-Simon Crane-James Lancaster-Elsa Raven-Reece P. Thompson III-Laramie Landis-Mark Rafael Truitt-John Walcutt-Terry Forrestal-Derek Lea-Richard Ashton-Sean Nepita-Brendan Connolly-David Cronnelly-Garth Wilton-Richard Fox-Nick Meaney-Kevin Owers-Mark Capri-Marc Cass-Paul Herbert-Emmett James-Chris Byrne-Oliver Page-James Garrett-Erik Holland-Jari Kinnunen-Anders Falk-Barry Dennen-Vern Urich-Rebecca Klingler-Tricia O'Neil-Kathleen S. Dunn-Romeo Francis-Mandana Marino-Van Ling-Bj�rn Olsen-Dan Pettersson-Shay Duffin-Greg Ellis-Diana Morgan-Kris Andersson-Bobbie Bates-Aaron James Cash-Anne Fletcher-Edmond Alan Forsyth-Andie Hicks-Scott Hislop-Stan Mazin-Lisa Ratzin-Julene Renee-Brian Walsh-Alexandra Boyd-James Cameron-Mike Butters-Bruno Campolo-Kevin De La Noy-Tony Kenny-Sean Lawlor-Don Lynch-Johnny Martin-Ryan McClurkin-Meghan McLeod-Mike O'Neal-Phil Parlapiano-Steven Quale-R. Gern Trowbridge-Olivia Rosewood-John Slade-Brian McDermott,drowning-evacuation-shipwreck-iceberg-forbidden love-ship-panic-titanic-ocean liner-epic-rich woman poor man-based on true story-love-tragedy-disaster-tragic love-historical fiction-class differences-love affair-historical event-lifeboat-star crossed lovers-sinking ship-steerage-rich snob-disaster movie-1910s-sunken ship,/9xjZS2rlVxm8SFx8kPC3aIGCOYQ.jpg,/rzdPqYx7Um4FUZeD8wpXqjAUcEm.jpg,22-8587-12-58-13-12444-18785-8966-1865-671-672-14160-12445-673-585-862-675-11324-674-285-767
140607,Star Wars: The Force Awakens,Adventure-Action-Science Fiction,en,Thirty years after defeating the Galactic Empire Han Solo and his allies face a new threat from the evil Kylo Ren and his army of Stormtroopers.,64.877,Lucasfilm Ltd.-Bad Robot,12/15/15,245000000,2068223624,136,Released,Every generation has a story.,7.289,18501,Harrison Ford-Mark Hamill-Carrie Fisher-Adam Driver-Daisy Ridley-John Boyega-Oscar Isaac-Lupita Nyong'o-Andy Serkis-Domhnall Gleeson-Anthony Daniels-Max von Sydow-Peter Mayhew-Gwendoline Christie-Joonas Suotamo-Pip Andersen-Simon Pegg-Kiran Shah-Sasha Frost-Pip Torrens-Andrew Jack-Rocky Marshall-Greg Grunberg-Emun Elliott-Brian Vernel-Yayan Ruhian-Sebastian Armesto-Maisie Richardson-Sellers-Warwick Davis-Cailey Fleming-Mark Stanley-Ken Leung-Iko Uwais-Anna Brewster-Harriet Walter-Tim Rose-Erik Bauersfeld-Mike Quinn-Bill Kipsang Rotich-Michael Giacchino-Nigel Godrich-Judah Friedlander-Victor McGuire-Miltos Yerolemou-Billie Lourd-Leanne Best-Crystal Clarke-Jeffery Kissoon-Claudia Sermbezis-Gerald W. Abrams-Jim McGrath-Philicia Saunders-Morgan Dameron-Jessica Henwick-Tosin Cole-James McArdle-Stefan Grube-Dixie Arnold-Hannah John-Kamen-Kate Fleetwood-Thomas Brodie-Sangster-Brian Herring-Dave Chapman-Jimmy Vee-Cecep Arif Rahman-Ian Whyte-Daniel Craig-Ewan McGregor-Frank Oz-Alec Guinness-Tom Kane-Catherine Taber-Matthew Wood-Samuel Witwer-Meredith Salenger-James Arnold Taylor-Michael Donovan-Devon Libran-Robert Stambler-Verona Blue-Fred Tatasciore-Patrick Correll-Karen Huie-Orly Schuchmacher-Ben Schwartz-Mark Dodson-Yang Liang-David Acord-Jamie B. Chambers-David M. Santana-Francesca Longrigg-D.C. Barns-Tom Edden-Richard Riddell-Jefferson Hall-Jack Laskey-Daniel Adjei-Charlie Akin-Adrian Allan-Samantha Alleyne-Paul Biddiss-Hannah Blamires-Rony Bridges-Stuart Budd-Calvin Chen-Alan Chimes-Jamie Clay-David W. Collins-Cavin Cornwall-Rowan Cox-Nathalie Cuzner-Rimmel Daniel-Keith De'Winter-Adrian Derrick-Palmer-Michael Dickins-Cameron Edwards-Jesse Michael Fullington-Gloria Garc�_a-Salo Gardner-Caroline Garnell-Chris Geden-Versha Grant-Steven James Griffiths-Gary Hailes-Tim Hammersley-Chris Hastings-Marina Hayter-Kelvin Hewlett-Matthew Hobbs-Phil Hodges-Leigh Holland-Kevin Hudson-Phoenix James-Zander James-Tobias James-Samuels-Paul Kasey-Aaron Kennedy-Aidan Knight-Sanj Krishnan-Lukas Landau-Andrei Lenart-Jorge Leon Martinez-Julia Leyland-Billy James Machin-Hamza Malik-Raymond Mamrak-Kelsey Edwards-Kenny-Lee Mbanefo-David McCarrison-Sandeep Mohan-Benjayx Murphy-Robert Strange-Charlie Nevett-Jason Nicholls-Terry Noble-David Norfolk-Tatsujiro Oto-Gillian Pittaway-Nathan Plant-Elroy Powell-Jay Rincon-Marc Rolfe-Julio Romeo-Arti Shah-Kat Sheridan-Stephanie Silva-Jasper Skinner-Sandy Kate Slade-Clem So-Benito Sovrano-Karol Steele-Fran�_ois Sternkiker-Frank Stone-Andy Sweet-Peter Theobalds-Pablo Verdejo-Ashley Ward-Paul Warren-Topo Wresniwiro-Joshua �sberg-Joe Cash-Clare Glass,android-spacecraft-space opera,/wqnLdwVXoBjKibFRR5U3y0aDUhs.jpg,/8BTsTfln4jlQrLXUBquXJ0ASQy9.jpg,181808-1895-1894-1893-330459-11-1891-1892-181812-348350-99861-271110-286217-102899-135397-118340-209112-122917-293660-260485-92196
299536,Avengers: Infinity War,Adventure-Action-Science Fiction,en,As the Avengers and their allies have continued to protect the world from threats too large for any one hero to handle a new danger has emerged from the cosmic shadows: Thanos. A despot of intergalactic infamy his goal is to collect all six Infinity Stones artifacts of unimaginable power and use them to inflict his twisted will on all of reality. Everything the Avengers have fought for has led up to this moment - the fate of Earth and existence itself has never been more uncertain.,188.593,Marvel Studios,4/25/18,300000000,2052415039,149,Released,An entire universe. Once and for all.,8.255,27635,Robert Downey Jr.-Chris Hemsworth-Mark Ruffalo-Chris Evans-Scarlett Johansson-Benedict Cumberbatch-Tom Holland-Chadwick Boseman-Don Cheadle-Zoe Salda�a-Karen Gillan-Elizabeth Olsen-Paul Bettany-Anthony Mackie-Sebastian Stan-Tom Hiddleston-Idris Elba-Danai Gurira-Peter Dinklage-Benedict Wong-Pom Klementieff-Dave Bautista-Vin Diesel-Bradley Cooper-Gwyneth Paltrow-Benicio del Toro-Josh Brolin-Chris Pratt-Sean Gunn-William Hurt-Letitia Wright-Terry Notary-Tom Vaughan-Lawlor-Carrie Coon-Michael James Shaw-Stan Lee-Winston Duke-Florence Kasumba-Kerry Condon-Monique Ganderton-Jacob Batalon-Tiffany Espensen-Isabella Amara-Ethan Dizon-Ariana Greenblatt-Ameenah Kaplan-Ross Marquand-Michael Anthony Rogers-Stephen McFeely-Aaron Lazar-Robert Pralgo-Olaniyan Thurmon-Blair Jasin-Matthew Zuk-Laura Miller-Kenneth Branagh-Samuel L. Jackson-Cobie Smulders-Harrison Osterfield-Gary Peebles-Marija Abney-Zola Williams-Marie Mouroum-James Siderits-Precious Jenkins-Bobby James,magic-sacrifice-superhero-based on comic-space-battlefield-genocide-magical object-super power-aftercreditsstinger-marvel cinematic universe (mcu)-cosmic,/7WsyChQLEftFiDOVTGkv3hFpyyt.jpg,/mDfJG3LC3Dqb67AZ52x3Z0jU0uB.jpg,1073776-299534-284054-284053-99861-271110-315635-363088-24428-283995-284052-383498-429617-299537-102899-118340-76338-100402-10195-1726-10138
634649,Spider-Man: No Way Home,Action-Adventure-Science Fiction,en,Peter Parker is unmasked and no longer able to separate his normal life from the high-stakes of being a super-hero. When he asks for help from Doctor Strange the stakes become even more dangerous forcing him to discover what it truly means to be Spider-Man.,215.904,Marvel Studios-Pascal Pictures-Columbia Pictures,12/15/21,200000000,1921847111,148,Released,The Multiverse unleashed.,7.992,18149,Tom Holland-Zendaya-Benedict Cumberbatch-Jacob Batalon-Jon Favreau-Jamie Foxx-Willem Dafoe-Alfred Molina-Benedict Wong-Tony Revolori-Marisa Tomei-Andrew Garfield-Tobey Maguire-Angourie Rice-Arian Moayed-Paula Newsome-Hannibal Buress-Martin Starr-J.B. Smoove-J.K. Simmons-Rhys Ifans-Charlie Cox-Thomas Haden Church-Emily Fong-Mary Rivera-Rudy Eisenzopf-Kathleen Cardoso-Jonathan Sam-Andrew Dunlap-Ben VanderMey-Zany Dunlap-B. Clutch Dunlap-Minnah Dunlap-Gary Weeks-Gregory Konow-Carol Anne Dines-Anisa Nyell Johnson-Willie Burton-Mallory Hoff-Greg Clarkson-Regina Ting Chen-Robert Mitchel Owenby-Glenn Keogh-Paris Benjamin-Jwaundace Candece-Taylor St. Clair-Gabriella Cila-Darnell Appling-Rolando Fernandez-Edward Force-Michael Le-Dean Meminger-Frederick A. Brown-Cristo Fern��ndez-Clay Savage-Tom Hardy-Jake Gyllenhaal-Jay Karales-Gina Aponte-John Barnes-Harry Holland-Dettric Jones-Haroon Khan,new york city-loss of loved one-showdown-secret identity-hero-magic-villain-dangerous-vigilante-portal-sequel-superhero-superhero team-alternate reality-masked vigilante-spider web-aftercreditsstinger-duringcreditsstinger-marvel cinematic universe (mcu)-teenage hero-fight for justice-superhero teamup-returning hero-crossover-teamwork,/5weKu49pzJCt06OPpjvT80efnQj.jpg,/14QbnygCuTO0vl7CAFmPf1fgZfV.jpg,453395-616037-524434-642721-414906-840127-566525-580489-429617-436270-955555-365297-887731-335787-568124-338953-361743-315635-526896-324857-497698
135397,Jurassic World,Action-Adventure-Science Fiction-Thriller,en,Twenty-two years after the events of Jurassic Park Isla Nublar now features a fully functioning dinosaur theme park Jurassic World as originally envisioned by John Hammond.,104.103,Amblin Entertainment-Universal Pictures,6/12/15,150000000,1671537444,124,Released,The park is open.,6.678,18860,Chris Pratt-Bryce Dallas Howard-Ty Simpkins-Nick Robinson-Vincent D'Onofrio-BD Wong-Omar Sy-Jake Johnson-Irrfan Khan-Judy Greer-Lauren Lapkus-Brian Tee-Katie McGrath-Andy Buckley-Eric Edelstein-Courtney J. Clark-Colby Boothman-Jimmy Fallon-James DuMont-Matt Burke-Anna Talakkottur-Matthew Cardarople-Michael Papajohn-William Gary Smith-Kelly Washington-Isaac Keys-Patrick Crowley-Chad Randall-Gary Weeks-Bill Ogilvie-Allan Tam-Yvonne Angulo-Chloe Perrin-Timothy Eulich-Kevin Foster-Bonnie Wild-Brad Bird-Colin Trevorrow-Justin Lacalamita-Tiffany Forest-Arlene Newman-Tait Fletcher-Jimmy Buffett-Tim Connolly-Johnny Otto-Erika Erica-Brandon Marc Higa-Martin Klebba-Eddie J. Fernandez,dna-tyrannosaurus rex-velociraptor-island-animal attack-primal fear-sequel-disaster-escape-dinosaur-creature-park-amusement park-theme park-genetic engineering-raptor-animal horror,/A0LZHXUzo5C60Oahvt7VxvwuzHw.jpg,/aIGIYJTyOkEVUmEd3z5x6diYsFx.jpg,351286-331-329-99861-330-76341-102899-118340-87101-140607-131631-198663-293660-122917-271110-150540-207703-168259-254128-286217-127585
420818,The Lion King,Adventure-Drama-Family,en,Simba idolizes his father King Mufasa and takes to heart his own royal destiny. But not everyone in the kingdom celebrates the new cub's arrival. Scar Mufasa's brother���and former heir to the throne���has plans of his own. The battle for Pride Rock is ravaged with betrayal tragedy and drama ultimately resulting in Simba's exile. With help from a curious pair of newfound friends Simba will have to figure out how to grow up and take back what is rightfully his.,131.16,Walt Disney Pictures-Fairview Entertainment,7/12/19,260000000,1663075401,118,Released,The King has Returned.,7.131,9015,Chiwetel Ejiofor-John Oliver-James Earl Jones-John Kani-Alfre Woodard-JD McCrary-Shahadi Wright Joseph-Penny Johnson Jerald-Keegan-Michael Key-Eric Andr�-Florence Kasumba-Seth Rogen-Billy Eichner-Amy Sedaris-Chance the Rapper-Josh McCrary-Donald Glover-Beyonc�-Phil LaMarr-J. Lee,africa-lion-prince-musical-uncle-remake-grief-redemption-king-family-sidekick-live action and animation-father son relationship-live action remake,/dzBtMocZuJbjLOXvrl4zGYigDzh.jpg,/1TUg5pO1VZ4B0Q1amk3OlXvlpXV.jpg,420817-301528-429617-330457-420809-384018-8587-475557-454626-474350-299536-299534-447404-329996-9732-287947-404368-512200-466272-299537-984430
24428,The Avengers,Science Fiction-Action-Adventure,en,When an unexpected enemy emerges and threatens global safety and security Nick Fury director of the international peacekeeping agency known as S.H.I.E.L.D. finds himself in need of a team to pull the world back from the brink of disaster. Spanning the globe a daring recruitment effort begins!,100.8,Marvel Studios,4/25/12,220000000,1518815515,143,Released,Some assembly required.,7.71,29108,Robert Downey Jr.-Chris Evans-Mark Ruffalo-Chris Hemsworth-Scarlett Johansson-Jeremy Renner-Tom Hiddleston-Samuel L. Jackson-Cobie Smulders-Clark Gregg-Stellan Skarsg�rd-Gwyneth Paltrow-Paul Bettany-Alexis Denisof-Tina Benko-Jerzy Skolimowski-Kirill Nikiforov-Jeff Wolfe-M'laah Kaur Singh-Rashmi Rustagi-Powers Boothe-Jenny Agutter-Arthur Darbinyan-Donald Li-Warren Kole-Alicia Sixtos-Jesse Garcia-Maximiliano Hern��ndez-Dieter Riesle-Kenneth Tigar-Walter Perez-Harry Dean Stanton-Josh Cowdery-Ashley Johnson-Katsumi Komatsu-Yumiko Komatsu-Momoko Komatsu-Robert Clohessy-Enver Gjokaj-Fernanda Toker-Andrea Vecchio-Robin Swoboda-Brent McGee-Jamie McShane-Michael Zhang-William-Christopher Stephens-Kelley Robins Hicks-Romy Rosemont-James Eckhouse-Stan Lee-Thomas Roberts-Pat Kiernan-Damion Poitier-Lou Ferrigno-Jillian Morgese-Catherine Anderson-Ricardo Andres-Logan Bennett-Mayank Bhatter-Sharita Bone-Jason Botsford-Mary Kate Campbell-Gene N. Chavez-Layla Cushman-Robert Dean-Rick Dremann-Rod Fielder-Eric Frank-Israel Hall-Carmen Dee Harris-Alexander Christopher Jones-Mike Karban-Demoine Kinney-Andrew Knode-Annette Lawless-Kimberly J. Mahoney-Todd Manes-Jorge Mardel-Michael McMillan-Sean Meehan-Holly Neelie-Caleb Daniel Noal-Jeremy Orr-Nate Paige-Martin Palmer-Maria Perossa-Caleb Pieplow-Alexander Daniel Pimentel-Frank Powers-Jaime Powers-Brent Reichert-Kelly Ruble-Gina Sarno-Robert B. Schneider IV-Jeff Seich-Christina Shaffer-Douglas Slygh-Colin Strause-Robert P. Thitoff-George Thomas-Shane Thompson-Jerry Lee Tucker-Tai Urban-Chris Vaina-Sandra Weston-Seth Zielicke-Alex DeCourville-Andrea-Nichole Olivas-Tina Grimm-Evan Kole-Hank Amos-Joti Nagra,new york city-shield-superhero-based on comic-alien invasion-superhero team-aftercreditsstinger-duringcreditsstinger-marvel cinematic universe (mcu),/RYMX2wcKCBAr24UyPD7xwmjaTn.jpg,/9BBTo63ANSmhC4e6r62OJFuK2GL.jpg,68721-10195-99861-10138-1771-1726-76338-100402-271110-1930-118340-102899-49026-1724-299536-155-284053-284052-315635-283995-19995
168259,Furious 7,Action-Thriller-Crime,en,Deckard Shaw seeks revenge against Dominic Toretto and his family for his comatose brother.,83.236,Original Film-One Race-Universal Pictures,4/1/15,190000000,1515400000,137,Released,Vengeance hits home,7.236,10157,Vin Diesel-Paul Walker-Jason Statham-Michelle Rodriguez-Jordana Brewster-Tyrese Gibson-Ludacris-Dwayne Johnson-Lucas Black-Kurt Russell-Nathalie Emmanuel-Elsa Pataky-Gal Gadot-John Brotherton-Luke Evans-Tony Jaa-Djimon Hounsou-Noel Gugliemi-Ali Fazal-Sung Kang-Ronda Rousey-Miller Kimsey-Charlie Kimsey-Eden Estrella-Gentry White-Iggy Azalea-Jon Lee Brody-Levy Tran-Anna Colwell-Viktor Hernandez-Steve Coulter-Robert Pralgo-Antwan Mills-J.J. Phillips-Jorge Ferragut-Sara Sohn-Benjamin Blankenship-D.J. Hapa-T-Pain-Brian Mahoney-Brittney Alger-Romeo Santos-Jocelin Donahue-Stephanie Langston-Jorge-Luis Pallo-Tego Calderon-Shad Moss-Don Omar-Klement Tinaj-Caleb Walker-Cody Walker-Lateef Crowder-Dennis Keiffer-Tara Macken-John Koyama-Aaron J. Brooks-Caitlin Dechelle,car race-speed-street race-revenge-race-muscle car,/ktofZ9Htrjiy0P6LEowsDaxd3Ri.jpg,/cHkhb5A4gQRK6zs6Pv7zorHs8Nk.jpg,51497-82992-337339-13804-584-9615-9799-99861-254128-135397-384018-91314-262500-207703-98566-378944-260346-177677-385128-102899-198184
361743,Top Gun: Maverick,Action-Drama,en,After more than thirty years of service as one of the Navy��s top aviators and dodging the advancement in rank that would ground him Pete ���Maverick�� Mitchell finds himself training a detachment of TOP GUN graduates for a specialized mission the likes of which no living pilot has ever seen.,297.574,Skydance-Don Simpson/Jerry Bruckheimer Films-Paramount,5/24/22,170000000,1488732821,131,Released,Feel the need... The need for speed.,8.273,7187,Tom Cruise-Miles Teller-Jennifer Connelly-Jon Hamm-Glen Powell-Ed Harris-Val Kilmer-Lewis Pullman-Charles Parnell-Bashir Salahuddin-Monica Barbaro-Jay Ellis-Danny Ramirez-Jack Schumacher-Manny Jacinto-Kara Wang-Greg Tarzan Davis-Jake Picking-Raymond Lee-Jean Louisa Kelly-Lyliana Wray-Chelsea Harris-Darnell Kirkwood-Austin Bowerman-Stephanie Andrea Barron-Alec Williams-Rachel Winfree-Peter Mark Kendall-Ian Gary-Bob Stephenson-Landon Gordon-Margaret Strabala-Ryan Heilmann-Shantel Limbo-James Handy-Whylip Lee-Tristan Henry-Jason Robert Boles-Brian Ferguson-Chido Nwokocha-Chaz Ingram-Rachael Markarian-Shannon Kane-Norman Ralph Eliasen-Anthony Edwards-Meg Ryan-Kelly McGillis,fighter pilot-u.s. navy-sequel-nuclear weapons-military,/62HCnUTziyWcpDaBO2i1DX17ljH.jpg,/AaV1YIdWKnjAIAOe8UUKBFm327v.jpg,755566-507086-438148-616037-744-629015-99771-766507-585511-49046-453395-756999-610150-663712-81389-978436-778855-830784-414906-436270-919355
330457,Frozen II,Family-Animation-Adventure-Comedy-Fantasy,en,Elsa Anna Kristoff and Olaf head far into the forest to learn the truth about an ancient mystery of their kingdom.,81.122,Walt Disney Pictures-Walt Disney Animation Studios,11/20/19,150000000,1450000000,103,Released,The past is not what it seems.,7.261,9304,Idina Menzel-Kristen Bell-Josh Gad-Jonathan Groff-Evan Rachel Wood-Sterling K. Brown-Alfred Molina-Rachel Matthews-Jason Ritter-Martha Plimpton-Ciar��n Hinds-Jeremy Sisto-Stephen J. Anderson-Chris Williams-Maia Wilson-Paul Briggs-Hadley Gannaway-Mattea Conforti-Aurora Aksnes-Alan Tudyk-Santino Fontana-Livvy Stubenrauch-Eva Bella-Jackson Stein-Delaney Rose Stein-Halima V. Hudson-Isabella Acres-Stephen Apostolina-Kimberly Bailey-David Boat-June Christopher-Antonio Raul Corbo-David Cowgill-Wendy Cutler-Hudson D'Andrea-Grey DeLisle-Jessica DiCicco-Terri Douglas-Robin Atkin Downes-Nick Fisher-Jackie Gonneau-Franck Gourlat-Daniel Kaz-Phil LaMarr-Arnaud L�onard-Mimi Maynard-Scott Menville-Melanie Minichino-Max Mittelman-Matt Nolan-Capri Oliver-Arthur Ortiz-Paul Pape-Michael Ralph-Akai Robinson-Lynwood Robinson-Maddix Robinson-Kaitlyn Robrock-Violet Grace Schaffer-Pepper Sweeney-Fred Tatasciore-Jean-Alain Velardo-Kari Wahlgren-Matthew Wood,princess-magic-kingdom-winter-queen-castle-musical-sequel-dam-spirit-frozen-personification-mother daughter relationship,/mINJaa34MtknCYl5AjtNJzWj8cD.jpg,/xJWPZIYOEFIjZpBL7SVBGnzRYXp.jpg,109445-512200-181812-475557-546554-420809-420818-420817-454626-496243-508965-508439-495764-301528-458897-326359-429617-530915-466272-38757-359724
346698,Barbie,Comedy-Adventure-Fantasy,en,Barbie and Ken are having the time of their lives in the colorful and seemingly perfect world of Barbie Land. However when they get a chance to go to the real world they soon discover the joys and perils of living among humans.,441.504,LuckyChap Entertainment-Heyday Films-NB/GG Pictures-Mattel-Warner Bros. Pictures,7/19/23,145000000,1445638421,114,Released,She's everything. He's just Ken.,7.14,7064,Margot Robbie-Ryan Gosling-America Ferrera-Kate McKinnon-Ariana Greenblatt-Simu Liu-Will Ferrell-Michael Cera-Helen Mirren-Issa Rae-Alexandra Shipp-Emma Mackey-Emerald Fennell-Rhea Perlman-Hari Nef-Kingsley Ben-Adir-Ncuti Gatwa-Connor Swindells-Sharon Rooney-Ritu Arya-Ana Kayne-Nicola Coughlan-Dua Lipa-John Cena-Scott Evans-Jamie Demetriou-Andrew Leung-Will Merrick-Zheng Xi Yong-Asim Chaudhry-Ray Fearon-Erica Ford-Hannah Khalique-Brown-Mette Towley-Marisa Abela-Lucy Boynton-Rob Brydon-Tom Stourton-Chris Taylor-David Mumeni-Olivia Brody-Isla Ashworth-Eire Farrell-Daisy Duczmal-Isabella Nightingale Mercado-Genvieve Toussaint-Manuela Mora-Aida Sexton-Ann Roth-Millie-Rose Crossley-Anvita Nehru-Kayla-Mai Alvares-Luke Mullen-Patrick Luwis-Mac Brandt-Paul Jurewicz-Oraldo Austin-Benjamin Arthur-Carlos Jacott-Adam Ray-George Basil-Ptolemy Slocum-Deb Hiett-James Leon-Oliver Vaquer-Tony Noto-Christopher T. Wood-Annie Mumolo-Elise Gallup-McKenna Roberts-Brylee Hsu-Sasha Milstein-Lauren Holt-Sterling Jones-Ryan Piers Williams-Jamaal Lewis-Kathryn Akin-Grace Jabbari-Ira Mandela Siobhan-Lisa Spencer-Naomi Weijand-Tom Clark-Ireanne Abenoja-Davide Albonetti-Charlotte Anderson-Michael Anderson-Rico Bakker-James Bamford-William John Banks-Callum Bell-Adam Blaug-Mason Boyce-Taylor Bradshaw-Alex Brown-Miekaile Browne-Lewis Calcutt-Nikkita Chadha-Oliver Chapman-Megan Charles-Callum Clack-Danny Coburn-Kat Collings-Adam Crossley-Sia Dauda-Gustave Die-Grace Durkin-Joelle Dyson-Lewis Easter-Onyemachi Ejimofor-Cameron Everitt-Luke Field-Wright-Sasha Flesch-Adam Fogarty-Mikey French-Anna-Kay Gayle-Charlie Goddard-Marlie Goddard-Ellis Harman-Yasmin Harrison-Josh Hawkins-James Healy-Tim Hodges-Mira Jebari-Beccy Jones-Thomas Kalek-Lily Laight-Maiya Leeke-Cristian Liberti-Prodromos Marneros-Nahum McLean-Jordan Melchor-Ramzan Miah-Andy Monaghan-Florivaldo Mossi-Hannah Nazareth-Grant Neal-Freja Nicole-Shaun Niles-Ella Nonini-Jack William Parry-Josie Pocock-Barnaby Quarendon-Redmand Rance-Zara Richards-Liam Riddick-Alana Rixon-Adam Paul Robertson-Kingdom Sibanda-Sebastian Skov-Aaron J. Smith-Joshua Smith-Lucia-Rose Sokolowski-Janine Somcio-Callum Sterling-Todd Talbot-Charles Tatman-Grant Thresh-Connor Tidman-Wahchi Vong-Jerry Wan-Sasha Wareham-Stan West-Oliver Wheeler-Josh Wild-Joe Wolstenholme-Richard Womersley-Ashley Young-Alex Sturman,feminism-satire-patriarchy-based on toy-female protagonist-doll-fantasy world-motherhood-existentialism-woman director-mother daughter relationship-gender discrimination-barbie-secret world,/iuFNMS8U5cb6xfzi51Dbkovj7vM.jpg,/nHf61UzkfFno5X1ofIhugCPus2R.jpg,617932-615656-298618-872585-16418-1061181-13002-828898-1034470-667538-71915-1083862-34564-1160089-1160053-335977-1076487-385687-823346-1160057-37353
99861,Avengers: Age of Ultron,Action-Adventure-Science Fiction,en,When Tony Stark tries to jumpstart a dormant peacekeeping program things go awry and Earth��s Mightiest Heroes are put to the ultimate test as the fate of the planet hangs in the balance. As the villainous Ultron emerges it is up to The Avengers to stop him from enacting his terrible plans and soon uneasy alliances and unexpected action pave the way for an epic and unique global adventure.,87.546,Marvel Studios,4/22/15,365000000,1405403694,141,Released,A new age has come.,7.277,21708,Robert Downey Jr.-Chris Hemsworth-Mark Ruffalo-Chris Evans-Scarlett Johansson-Jeremy Renner-James Spader-Paul Bettany-Elizabeth Olsen-Aaron Taylor-Johnson-Samuel L. Jackson-Don Cheadle-Cobie Smulders-Anthony Mackie-Hayley Atwell-Idris Elba-Linda Cardellini-Stellan Skarsg�rd-Claudia Kim-Thomas Kretschmann-Andy Serkis-Julie Delpy-Stan Lee-Henry Goodman-Chris Luca-Brian Schaeffer-Dominique Provost-Chalkley-Isaac Andrews-Gareth Kieran Jones-Chan Woo Lim-Minhee Yeo-Bentley Kalu-Julian Bleach-Christopher Beasley-Vuyo Dabula-Nondumiso Tembe-Kabelo Thai-Lele Ledwaba-Mandla Gaduka-Harriet Manamela-Beulah Hashe-Musca Kumalo-Mathapelo September-Antony Acheampong-Chioma Anyanwu-Ben Sakamoto-Imogen Poynton-Isabella Poynton-Ingvild Deila-Sunny Yeo-Namju Go-Mina Kweon-Earl T. Kim-Arthur Lee-Verity Hewlett-Michael Matovski-Alma Noce-Riccardo Richetta-Constanza Ruff-Monty Mclaren-Clark-Julia Krynke-Tony Christian-Ian Kay-Barry Aird-Aaron Himelstein-Kerry Condon-Jaiden Stafford-Josh Brolin-Robert J. Fraser-Lou Ferrigno-Zakk Pierce,artificial intelligence (a.i.)-sequel-superhero-based on comic-superhero team-duringcreditsstinger-marvel cinematic universe (mcu)-fictitious country-evil robot,/4ssDuvEDkSArWEdyBl2X5EHvYKU.jpg,/6YwkGolwdOMNpbTOmLjoehlVWs5.jpg,271110-100402-24428-102899-76338-10195-10138-68721-1771-118340-1726-284052-283995-315635-299536-284053-284054-1724-299534-363088-127585
502356,The Super Mario Bros. Movie,Animation-Family-Adventure-Fantasy-Comedy,en,While working underground to fix a water main Brooklyn plumbers���and brothers���Mario and Luigi are transported down a mysterious pipe and wander into a magical new world. But when the brothers are separated Mario embarks on an epic quest to find Luigi.,244.799,Universal Pictures-Illumination-Nintendo,4/5/23,100000000,1362000000,93,Released,Not all heroes wear capes. Some wear overalls.,7.685,8217,Chris Pratt-Anya Taylor-Joy-Charlie Day-Jack Black-Keegan-Michael Key-Seth Rogen-Fred Armisen-Sebastian Maniscalco-Charles Martinet-Kevin Michael Richardson-Khary Payton-Rino Romano-John DiMaggio-Jessica DiCicco-Eric Bauza-Juliet Jelenic-Scott Menville-Carlos Alazraqui-Jason Broad-Ashly Burch-Rachel Butera-Cathy Cavadini-Will Collyer-Django Craig-Willow Geer-Aaron Hendry-Andy Hirsch-Barbara Harris-Phil LaMarr-Jeremy Maxwell-Daniel Mora-Eric Osmond-Noreen Reardon-Lee Shorten-Cree Summer-Nisa Ward-Nora Wyman-Ed Skudder,gorilla-plumber-anthropomorphism-magic mushroom-based on video game-toad-aftercreditsstinger-duringcreditsstinger-damsel in distress-piano-brother brother relationship-illumination-evil king-clich�,/qNBAXBIQlnOThrVvA6mA2B5ggV6.jpg,/9n2tJBplPbgR2ca05hS5CKXwP2c.jpg,603692-385687-447365-640146-569094-76600-713704-594767-493529-346698-758323-976573-315162-667538-964980-677179-447277-934433-298618-868759-872585
284054,Black Panther,Action-Adventure-Science Fiction,en,King T'Challa returns home to the reclusive technologically advanced African nation of Wakanda to serve as his country's new leader. However T'Challa soon finds that he is challenged for the throne by factions within his own country as well as without. Using powers reserved to Wakandan kings T'Challa assumes the Black Panther mantle to join with ex-girlfriend Nakia the queen-mother his princess-kid sister members of the Dora Milaje (the Wakandan 'special forces') and an American secret agent to prevent Wakanda from being dragged into a world war.,57.153,Marvel Studios,2/13/18,200000000,1349926083,135,Released,Long live the king.,7.391,20780,Chadwick Boseman-Michael B. Jordan-Lupita Nyong'o-Danai Gurira-Martin Freeman-Daniel Kaluuya-Letitia Wright-Winston Duke-Sterling K. Brown-Florence Kasumba-John Kani-Angela Bassett-Forest Whitaker-Andy Serkis-David S. Lee-Nabiyah Be-Isaach De Bankol�-Connie Chiume-Dorothy Steel-Danny Sapani-Sydelle Noel-Marija Abney-Zola Williams-Janeshia Adams-Ginyard-Maria Hippolyte-Marie Mouroum-J�nel Stevens-Sope Aluko-Stan Lee-Atandwa Kani-Ashton Tyler-Denzel Whitaker-Shaunette Ren�e Wilson-Christine Hollingsworth-Lucy Hockings-Bambadjan Bamba-Roland Kilumbu-Jermaine Holt-Dominique Elijah Smith-Jalil Jay Lynch-Vaughndio Forbes-Sasha Morfaw-Alexis Louder-Francesca Faridany-Mark Ashworth-Seth Carr-Jeremy Sample-Chad Crumley-Alexis Rhee-Danny Chung-Liz Elkins Newcomer-Tony Sears-Alex C. Riley Hughes-Clifford Gay-Shamel Heath-De'Jon Watts-Alex Hibbert-Tristan Timmons-Tyler Timmons-Abraham Clinkscales-Thabo Moropane-Zani Mogodi-Zenzi Williams-Trevor Noah-T. Love-Sebastian Stan,africa-superhero-based on comic-aftercreditsstinger-duringcreditsstinger-marvel cinematic universe (mcu),/uxzzxijgPIY7slzFvMotPv8wjKA.jpg,/b6ZJZHUdMEFECvGiDpJjlfUWela.jpg,284053-299536-363088-315635-271110-283995-99861-284052-102899-76338-118340-100402-299537-383498-10195-1771-10138-24428-1726-299534-68721
12445,Harry Potter and the Deathly Hallows: Part 2,Fantasy-Adventure,en,Harry Ron and Hermione continue their quest to vanquish the evil Voldemort once and for all. Just as things begin to look hopeless for the young wizards Harry discovers a trio of magical objects that endow him with powers to rival Voldemort's formidable skills.,131.341,Warner Bros. Pictures-Heyday Films,7/12/11,125000000,1341511219,130,Released,It all ends.,8.1,19674,Daniel Radcliffe-Emma Watson-Rupert Grint-Ralph Fiennes-Alan Rickman-Michael Gambon-Warwick Davis-Helena Bonham Carter-Ciar��n Hinds-Matthew Lewis-John Hurt-Evanna Lynch-Robbie Coltrane-Kelly Macdonald-Tom Felton-Helen McCrory-Jason Isaacs-Maggie Smith-David Thewlis-Gary Oldman-David Bradley-Julie Walters-Gemma Jones-Dave Legeno-Miriam Margolyes-Nick Moran-James Phelps-Oliver Phelps-Cl�mence Po�sy-Natalia Tena-Mark Williams-Bonnie Wright-Domhnall Gleeson-Graham Duff-Anthony Allgood-Rusty Goffe-Jon Key-Ian Peck-Benn Northover-Hebe Beardsall-Devon Murray-Jessie Cave-Afshan Azad-Isabella Laughland-Anna Shaffer-Georgina Leonidas-Freddie Stroma-Alfred Enoch-Katie Leung-William Melling-Sian Grace Phillips-Ralph Ineson-Suzie Toase-Jim Broadbent-Scarlett Hefner-Josh Herdman-Louis Cordice-Amber Evans-Ruby Evans-George Harris-Chris Rankin-Guy Henry-Phil Wright-Gary Sayer-Tony Adkins-Penelope McGhie-Emma Thompson-Ellie Darcey-Alden-Ariella Paradise-Benedict Clarke-Leslie Phillips-Alfie McIlwain-Rohan Gotobed-Geraldine Somerville-Adrian Rawlins-Toby Papworth-Timothy Spall-Peter G. Reed-Judith Sharp-Emil Hostina-Bob Yves Van Hellenberg Hubar-Granville Saxton-Tony Kirwood-Ashley McGuire-Arthur Bowen-Daphne de Beistegui-Will Dunn-Jade Gordon-Bertie Gilbert-Helena Barlow-Ryan Turner-Paul Bailey-Sean Biggerstaff-Vinnie Clarke-David Heyman-Charlie Hobbs-Luke Newberry-Keijo J. Salmela-Pauline Stone-Spencer Wilding-Harrison Davis-Annabelle Davis,witch-dying and death-saving the world-self sacrifice-magic-school of witchcraft-sorcerer-school-battle-wizard-teenage hero-christmas-based on young adult novel-good versus evil,/c54HpQmuwXjHq2C9wmoACjxoom3.jpg,/n5A7brJCjejceZmHyujwUTVgQNC.jpg,12444-674-673-675-767-672-671-259316-1865-10681-165-49538-12-70160-11-585-1771-120-10195-2501-101299
181808,Star Wars: The Last Jedi,Adventure-Action-Science Fiction,en,Rey develops her newly discovered abilities with the guidance of Luke Skywalker who is unsettled by the strength of her powers. Meanwhile the Resistance prepares to do battle with the First Order.,56.523,Lucasfilm Ltd.,12/13/17,200000000,1332698830,152,Released,Darkness rises... and light to meet it,6.818,14437,Mark Hamill-Carrie Fisher-Adam Driver-Daisy Ridley-John Boyega-Oscar Isaac-Andy Serkis-Lupita Nyong'o-Domhnall Gleeson-Anthony Daniels-Gwendoline Christie-Kelly Marie Tran-Laura Dern-Benicio del Toro-Frank Oz-Billie Lourd-Joonas Suotamo-Amanda Lawrence-Jimmy Vee-Brian Herring-Dave Chapman-Justin Theroux-Tim Rose-Tom Kane-Adrian Edmondson-Mark Lewis Jones-Hermione Corfield-Veronica Ngo-Noah Segan-Jamie Christopher-Paul Kasey-Michaela Coel-Priyanga Burford-Navin Chowdhry-Crystal Clarke-Hugh Skinner-Shauna Macdonald-Kate Dickie-Ralph Ineson-Michael Jibson-Luke Neal-Andy Nyman-Lily Cole-Warwick Davis-Kiran Shah-Joseph Gordon-Levitt-Mike Quinn-Gareth Edwards-Gary Barlow-Peter Mayhew-Edgar Wright-Joe Cornish-Griffin Hamill-Nathan Hamill-Chelsea Hamill-Yang Liang-David M. Santana-Andrew Jack-Jonathan Harden-Danny Euston-Aki Omoshaybi-Togo Igawa-Tim Steed-Simon Lowe-Joe Van Moyland-Darren Morfitt-Gerard Monaco-Patrick O'Kane-Paul Bazely-Orion Lee-Amira Ghazalla-Akshay Kumar-Temirlan Blaev-Josiah Oniha-Sara Heller-Matthew Sharp-Jack Greenlees-Danny Sapani-Kevin Layne-Ben Morris-Andrew Abbott-Chris Adams-Samantha Alleyne-Martin Bratanov-Glen Carroll-Cavin Cornwall-James Cox-Steve Doyle-Josh Dyer-Karl Farrer-James Filanowski-David R. Grant-��mar Gu��j�_nsson-Craig Izzard-Christopher Jaciow-Tobias James-Samuels-Dan Lam-Antonio Lujak-Josh Methven-Sandeep Mohan-Ross Moneypenny-Florian Robin-Scott Tanner-Stephanie Silva-Clem So-Leo Thompson-Andy Wareham-William Willoughby-Oscar Wright-Karanja Yorke,bunker-space battle-defeat-failure-sequel-space opera-military operation,/kOVEVeg59E0wsnXmF9nrh6OmWII.jpg,/epVMXf10WqFkONzKR8V76Ypj5Y3.jpg,140607-1894-181812-1893-1895-330459-11-348350-1891-1892-284053-315635-12180-283995-141052-260485-92196-920930-924387-284054-1035038
351286,Jurassic World: Fallen Kingdom,Action-Adventure-Science Fiction-Thriller,en,Three years after Jurassic World was destroyed Isla Nublar now sits abandoned. When the island's dormant volcano begins roaring to life Owen and Claire mount a campaign to rescue the remaining dinosaurs from this extinction-level event.,81.072,Amblin Entertainment-Universal Pictures,6/6/18,170000000,1310466296,129,Released,The park is gone.,6.549,11219,Chris Pratt-Bryce Dallas Howard-Rafe Spall-Justice Smith-Daniella Pineda-James Cromwell-Toby Jones-Ted Levine-Jeff Goldblum-BD Wong-Geraldine Chaplin-Isabella Sermon-Robert Emms-Peter Jason-Kevin Layne-John Schwab-Sam Redford-Charlie Rawes-Patrick Crowley-Alex Dower-Honey Holmes-Neil Bishop-Philippa Thomas-Ronan Summers-Cory Peterson-Jeremy Gilbert-Victor Gardener-Daryl Kwan-Eric Kofi Abrefa-Ben Peel-Mark Griffin-Paul Sockett-Doug Robson-Gil Kolirin-Nathan Florence-Bryan Phillips-Mitchell L. Johnson-Ian Copley-Johnson-Michael Papajohn-Daniel Stisen,tyrannosaurus rex-volcano-rescue mission-sequel-wild animal-prehistoric creature-dinosaur-genetic engineering-aftercreditsstinger-monster island,/c9XxwwhPHdaImA2f1WEfEsbhaFB.jpg,/3s9O5af2xWKWR5JzP2iJZpZeQQg.jpg,135397-331-330-383498-363088-329-348350-260513-299536-427641-284054-333339-353081-284053-345940-447200-338970-335983-507086-268896-141052
109445,Frozen,Animation-Family-Adventure-Fantasy,en,Young princess Anna of Arendelle dreams about finding true love at her sister Elsa��s coronation. Fate takes her on a dangerous journey in an attempt to end the eternal winter that has fallen over the kingdom. She's accompanied by ice delivery man Kristoff his reindeer Sven and snowman Olaf. On an adventure where she will find out what friendship courage family and true love really means.,97.537,Walt Disney Pictures-Walt Disney Animation Studios,11/20/13,150000000,1274219009,102,Released,Only the act of true love will thaw a frozen heart.,7.25,14984,Kristen Bell-Idina Menzel-Jonathan Groff-Frank Welker-Josh Gad-Santino Fontana-Alan Tudyk-Ciar��n Hinds-Chris Williams-Stephen J. Anderson-Maia Wilson-Edie McClurg-Robert Pine-Maurice LaMarche-Spencer Lacey Ganus-Livvy Stubenrauch-Eva Bella-Jesse Corti-Jeffrey Marcus-Tucker Gilmore-Ava Acres-Stephen Apostolina-Annaleigh Ashford-Kirk Baily-Jenica Bergere-David Boat-Paul Briggs-Tyree Brown-Woody Buck-June Christopher-Lewis Cleale-Wendy Cutler-Terri Douglas-Eddie Frierson-Jean Gilpin-Jackie Gonneau-Nicholas Guest-Bridget Hoffman-Nick Jameson-Daniel Kaz-John Lavelle-Jennifer Lee-Patricia Lentz-Annie Lopez-Katie Lowes-Mona Marshall-Dara McGarry-Scott Menville-Adam Overett-Paul Pape-Courtney Peldon-Jennifer Perry-Raymond S. Persi-Jean-Michel Richaud-Lynwood Robinson-Carter Sand-Jadon Sand-Katie Silverman-Pepper Sweeney-Fred Tatasciore-Jack Whitehall,queen-magic-musical-cartoon-princess-betrayal-snowman-reindeer-curse-snow-troll-based on children's book-mountain climbing-aftercreditsstinger-frozen-woman director-sister sister relationship-magic land,/kgwjIb2JDHRhNk13lmSxiClFjVk.jpg,/9WHM084AoskcHCObAy4QnJg01eM.jpg,38757-62177-150540-12-808-102651-177572-2062-14160-9806-425-269149-585-93456-101299-8587-62211-10020-862-82702-20352
321612,Beauty and the Beast,Family-Fantasy-Romance,en,A live-action adaptation of Disney's version of the classic tale of a cursed prince and a beautiful young woman who helps him break the spell.,59.589,Walt Disney Pictures-Mandeville Films,3/16/17,160000000,1266115964,129,Released,Be our guest.,6.968,15038,Emma Watson-Dan Stevens-Luke Evans-Josh Gad-Kevin Kline-Hattie Morahan-Haydn Gwynne-Gerard Horan-Ray Fearon-Ewan McGregor-Ian McKellen-Emma Thompson-Nathan Mack-Audra McDonald-Stanley Tucci-Gugu Mbatha-Raw-Clive Rowe-Thomas Padden-Rita Davies-D.J. Bailey-Adrian Schiller-Harriet Jones-Adam Mitchell-Tom Turner-Michael Jibson-Zoe Rainey-Daisy Duczmal-Jolyon Coy-Jimmy Johnston-Dean Street-Alexis Loizon-Sophie Reid-Rafa�lle Cohen-Carla Nella-Obioma Ugoala-Lynne Wilmot-Jane Fowler-Alison Harding-Chris Andrew Mellon-Jemma Alexander-Sandy Strallen-Dale Branston-Daniel Ioannou-Peter Challis-Wendy Baldock-Norma Atallah-Leo Andrew-Steven Butler-Sharon Gomez-Jacqui Jameson-Vivien Parry-Simone Sault-Beth Willetts-Mandy Montanez-Tom Oakley-William Bozier-Jak Allen-Anderson-Phil Grannel-Freddie August-Nicola Keen-Ebony Molina-Alison Jenkins-Ellen O'Grady-Dawn Buckland-Rebecca Mckinnis-Jody Hall-Ben Fox-Nathan Vaughan Harris-Tim Stanley-Ben Clare-Marina Abdeen-Danielle Acors-Hayley Ainsley-Rhianne Alleyn-Gabby Antrobus-Sophie Atkins-Koko Basigara-Holly Bluett-Daisy Boyles-Ava Brennan-Sophia Brown-Sophie Carmen-Jones-Cassie Clare-Tanya Cumberland-Natalie Davis-Paige Drury-Lawrence-Stephanie Elstob-Cordelia Farnworth-Cj Field-Lily Frazer-Lucy Alexa Gilbert-Helen Gulstan-Selina Hamilton-Leah Hill-Abigayle Honeywill-Chelsea Inez-Blythe Jandoo-Shireen Jathoonia-Billie Kay-Piper-Hannah Kenna-Thomas-Ella Kora-Jennifer Leung-Emily Loumba-Cassie Macmillian-Fiona McDonald-Samira Mighty-Sonoya Mizuno-Anna Momcilovic-Nicola Mooi-Nicole O'Neill-Abiona Omonua-Jazz Peters-Courtney Pruce-Kayla Radam-Katie Singh-Lucy St Louis-Ruth Steele-Jasmine Takacs-Naomi Weijand-Leah West-Skye Lucia Degruttola-Timia Julien-Box-Adelaide Morgan-Gemma Fray-Lara Decaro-Max Brophy-Samuel Brown-Daniel Daszek-Green-Freddie Hunter-Joey Brown-Tom Burgering-Nate Leung-Kai Gordon-Oscar Francisco-Harry Marcus-Johanna Smitz,france-magic-fairy tale-transformation-cartoon-castle-musical-remake-curse-creature-18th century-beast-live action and animation-live action remake,/hKegSKIDep2ewJWPUQD7u0KqFIp.jpg,/m3tdSyl11fhgXPDSEt3aBctTqGP.jpg,150689-259316-10020-102651-109445-269149-297762-150540-263115-283366-131631-283995-277834-8966-672-118-12445-12155-313369-675-12444
260513,Incredibles 2,Action-Adventure-Animation-Family,en,Elastigirl springs into action to save the day while Mr. Incredible faces his greatest challenge yet ��� taking care of the problems of his three children.,61.45,Walt Disney Pictures-Pixar,6/14/18,200000000,1242805359,118,Released,Back to work.,7.491,11599,Craig T. Nelson-Holly Hunter-Sarah Vowell-Huck Milner-Samuel L. Jackson-Bob Odenkirk-Jonathan Banks-Catherine Keener-Eli Fucile-Nicholas Bird-Bill Wise-Brad Bird-Michael Bird-Sophia Bush-Phil LaMarr-Paul Eiding-Isabella Rossellini-John Ratzenberger-Barry Bostwick-Adam Rodr�_guez-Jere Burns-Kimberly Adair Clark-Usher-Adam Gates-Michael B. Johnson,married couple-cartoon-sequel-superhero-parenting-family-super power,/9lFKBtaVIhP7E2Pk0IY1CwTKTMZ.jpg,/mabuNsGJgRuCTuGqjFkWe1xdu19.jpg,9806-363088-383498-284054-404368-12-351286-299536-863-348350-354912-301528-324857-862-10193-2062-127380-62211-585-260514-150540
337339,The Fate of the Furious,Action-Crime-Thriller,en,When a mysterious woman seduces Dom into the world of crime and a betrayal of those closest to him the crew face trials that will test them as never before.,111.317,Original Film-One Race-Universal Pictures,4/12/17,250000000,1236005118,136,Released,Family no more.,6.892,9541,Vin Diesel-Jason Statham-Dwayne Johnson-Michelle Rodriguez-Tyrese Gibson-Ludacris-Charlize Theron-Kurt Russell-Nathalie Emmanuel-Luke Evans-Elsa Pataky-Kristofer Hivju-Scott Eastwood-Corey Maher-Tego Calderon-Don Omar-Patrick St. Esprit-Eden Estrella-Janmarco Santiago-Oren Hawxhurst-Celestino Cornielle-Olek Krupa-Alexander Babara-Andre Pushkin-Roberts Jekabsons-Nick Gracer-Gary Weeks-Friday Chamberlain-Joe Fishel-Michael W. Broomer-Sam Hadid-Matthew Cornwell-Jason Rhymer-Jeremy Anderson-Peter Hansen-Todd Cole-Jordan Baumer-Scott Proctor-Carrie Lee Consolino-Madalyn Defler-Taylor Donaldson-Isabel Downing-Anna Duvall-Jaci Grace Edwards-Reese Edwards-Caylin Ingram-Caroline Kimmel-Katherine Kimmel-Jordan Price-Anna MacKenzie Rogers-Marina Lyn Serra-D66-James Ayoub-Carlos De La Hoz-Alejandro Bosch-Lisandra Delgado-Santiago Solis Chavez-Joyvan Guevara-Brenda Nu�ez L�_pez-Anita Farmer Bergman-Karin Boesler-Apollo GT-Yassie Hawkes-Myrom Kingery-Gary Lavard-Helen Mirren-Pauline Nowakowski-Charles Poole-Oleg Prudius-William Cowboy Reed-Mark Salas-Ramona Schwalbach-Jon Komp Shin-Doug Stroup-Branislav R. Tataloviۈ-Alan Tuskes-Zachary Vazquez-Gary Lee Vincent-Megan Marie Wilson-Yuliya Zelenskaya-�_zcan �_zdemir-Zac Henry-Tait Fletcher-Scott Hunter-Tyrone C. Wiggins-Mya Levels,new york city-submarine-sequel-street race-betrayal-rescue mission-criminal mastermind-mysterious woman,/dImWM7GJqryWJO9LHa3XQ8DD5NH.jpg,/jzdnhRhG0dsuYorwvSqPqqnM1cV.jpg,168259-51497-13804-82992-9615-584-9799-384018-283995-166426-293167-339846-263115-335988-703363-385128-324552-297762-315635-271110-282035
68721,Iron Man 3,Action-Adventure-Science Fiction,en,When Tony Stark's world is torn apart by a formidable terrorist called the Mandarin he starts an odyssey of rebuilding and retribution.,52.653,Marvel Studios,4/18/13,200000000,1215577205,130,Released,Unleash the power behind the armor.,6.927,20631,Robert Downey Jr.-Gwyneth Paltrow-Don Cheadle-Guy Pearce-Rebecca Hall-Stephanie Szostak-James Badge Dale-William Sadler-Miguel Ferrer-Jon Favreau-Ben Kingsley-Dale Dickey-Ty Simpkins-Paul Bettany-Wang Xueqi-Shaun Toub-Matthew Sterling Nye-Pat Kiernan-Josh Elliott-Megan Henderson-Thomas Roberts-Bill Maher-Joan Rivers-George Kotsiopoulos-Bronte D'Esposito-Noah Visconti-Ashley Hamilton-Brooke Jayne Taylor-Kim Dean-Glenn Foster-Anthony Reynolds-Kendrick Cross-Tom Clark-Brian Schaeffer-John Eddins-Spencer Garrett-Rockey Dickey Jr.-Drew Michael Hershner-Sarah Burkhardt-Jan Broberg-Andrew Lauer-Nate Bynum-Andrew Lander-Tom Virtue-Roy McCrerey-Serdar Kalsin-Demetrois Hodges-Bobby Tisdale-Yvonne Zima-Stan Lee-Adam Pally-James Rackley-Cullen Moss-Jake Dewitt-Rebecca Mader-Kevin Arnold-Juan C. Bofill-David Anthony Buglione-Adam Lytle-Paul Andrew O'Connor-Phil Ortiz-Gwendalyn Barker-Steve Wilder-Luciana Faulhaber-Kary Musa-Mike Massa-Mark Kubr-Si-Fu Eric Oram-Naomi Parshin-Aurelia Riley-Johanna Yunda-Wesley Thompson-Jenna Ortega-T. C. Anyachonkeya-Chad Kurtz-Cal Johnson-Corey Hawkins-Linden Ashby-Sarah Farooqui-Sala Baker-Kial Butler-Nick Brandon-Dan Brown-Fernando Chien-Ilram Choi-Brycen Counts-Kiante Elam-Dane Farwell-Mark Fichera-Colin Follenweider-Aja Frary-Mark Ginther-Adrian Gonzalez-Dennis Keiffer-Samuel Le-Tara Macken-William Morts-Jade Quon-J. C. Robaina-Markos Rounthwaite-Philip J. Silvera-Brian Simpson-Mark Aaron Wagner-Chris Gethard-Nick W. Nicholson-Bridger Zadina-Mark Ruffalo-Johnny Otto-Vince Offer,california-war on terror-tennessee-malibu-superhero-based on comic-billionaire-aftercreditsstinger-marvel cinematic universe (mcu)-christmas-america,/qhPtAc1TKbMPqNvcdXSOn9Bn7hZ.jpg,/aFTYFqrWp4RS46Twm87l5e0ItYb.jpg,10138-1726-24428-1771-10195-76338-100402-99861-1724-271110-102899-1930-49521-118340-49026-283995-49051-284052-49538-37724-315635
211672,Minions,Family-Animation-Adventure-Comedy,en,Minions Stuart Kevin and Bob are recruited by Scarlet Overkill a super-villain who alongside her inventor husband Herb hatches a plot to take over the world.,31.314,Illumination-Universal Pictures,6/17/15,74000000,1156730962,91,Released,"Before Gru, they had a history of bad bosses",6.393,9706,Sandra Bullock-Jon Hamm-Michael Keaton-Allison Janney-Steve Coogan-Jennifer Saunders-Geoffrey Rush-Steve Carell-Pierre Coffin-Katy Mixon-Michael Beattie-Hiroyuki Sanada-Dave Rosenbaum-Alex Dowding-Paul Thornley-Kyle Balda-Ava Acres-Sherry Lynn-Mickie McGowan-Carlos Alazraqui-Lori Alan-Daniel Barker-Bob Bergen-Melanie Bond-Jim Cummings-John Cygan-Brian T. Delaney-Bill Farmer-Keith Ferguson-Jess Harnell-Eve Karpf-John Kassir-Lewis Macleod-Danny Mann-Mona Marshall-Gary Martin-Laraine Newman-Andy Nyman-Alexander Polinsky-Jan Rabson-Christopher Ragland-Mindy Sterling-Tara Strong-Jim Ward-Colette Whitaker-James Daniel Wilson,assistant-aftercreditsstinger-duringcreditsstinger-evil mastermind-minions,/vlOgaxUiMOA8sPDG9n3VhQabnEi.jpg,/c7xTZ9EA6GpH72xJC5s0x0KKR1a.jpg,93456-20352-324852-150540-177572-109445-135397-425-269149-270946-62211-159824-950-953-8355-10527-131631-257344-328111-57800-38757
271110,Captain America: Civil War,Adventure-Action-Science Fiction,en,Following the events of Age of Ultron the collective governments of the world pass an act designed to regulate all superhuman activity. This polarizes opinion amongst the Avengers causing two factions to side with Iron Man or Captain America which causes an epic battle between former allies.,79.957,Marvel Studios,4/27/16,250000000,1153337496,147,Released,United we stand. Divided we fall.,7.443,21401,Chris Evans-Robert Downey Jr.-Scarlett Johansson-Sebastian Stan-Chadwick Boseman-Daniel Br�_hl-Elizabeth Olsen-Paul Bettany-Don Cheadle-Anthony Mackie-Tom Holland-Jeremy Renner-Paul Rudd-Emily VanCamp-Martin Freeman-William Hurt-John Kani-Marisa Tomei-Frank Grillo-John Slattery-Hope Davis-Alfre Woodard-Michael A. Cook-Laughton Parchment-Jackson Spidell-Yi Long-Heidi Moneymaker-Aaron Toney-Cale Schultz-Ann Russo-Gene Farber-Florence Kasumba-Cornell John-Sven H�_nig-Joshua Peck-Brent McGee-Be Satrazemis-Blair Jasin-Oliver Bigalke-Rafael Banasik-David de Vries-Katie Amess-Austin Sanders-Brett Gentile-John Curran-Matthew Anderson-Andrew Botchwey-Chase Bradfield-Ernest Charles-Hendricks Coates-Ethan Condon-Shen Dynes-Nathaniel Ellis-Jariah Ferguson-Evan Ffrench-Justin Freeman-Ralphael Grand'Pierre-Julian Grimes-Aaron Hayes-Austin Hooper-Amiri Jones-Myles Joseph-Stephen Lewis-Jacob Ludwick-D'Mahrei McRae-Ashwin Mudaliar-Eli Ollinger-Parker Pape-Daniel Parada-Jonah Ruffin-Darryl Sampson-Cameron Sardone-Stanley Sellers-Miles Selles-Jacob Sung-Caden Wilkinson-Jin Shijia-Jessica Walther-Gabory-Beniamino Brogi-Silvina Buchbauer-Henry Amadi-Ugochukwu Ani-Michael Anthony Rogers-Damion Poitier-Umar Khan-David E. Brown-Guy Fernandez-Jim Rash-Sophia Russo-Stan Lee-Amelia Morck-Kerry Condon-Julianna Guill-Surely Alvelo-Brian Schaeffer-Kevin LaRosa Jr.-Al Cerullo-Fr�d�ric North-Joe Russo-Ray Sahetapy-Chris Jai Alex-Scott Hunter-Kimberly Hester Huffstetler-Lucie Carroll,civil war-sequel-superhero-based on comic-aftercreditsstinger-duringcreditsstinger-marvel cinematic universe (mcu)-united states,/rAGiXaUfPzY7CDEyNKUofk3Kw2e.jpg,/wdwcOBMkt3zmPQuEMxB3FUtMio2.jpg,99861-100402-102899-284052-76338-1771-315635-283995-118340-24428-10195-1726-284053-10138-68721-293660-209112-299536-284054-246655-363088
297802,Aquaman,Action-Adventure-Fantasy,en,Once home to the most advanced civilization on Earth Atlantis is now an underwater kingdom ruled by the power-hungry King Orm. With a vast army at his disposal Orm plans to conquer the remaining oceanic people and then the surface world. Standing in his way is Arthur Curry Orm's half-human half-Atlantean brother and true heir to the throne.,88.071,Warner Bros. Pictures-The Safran Company-DC Films,12/7/18,160000000,1148528393,143,Released,Home Is Calling,6.898,12470,Jason Momoa-Amber Heard-Willem Dafoe-Patrick Wilson-Nicole Kidman-Dolph Lundgren-Yahya Abdul-Mateen II-Temuera Morrison-Ludi Lin-Michael Beach-Randall Park-Graham McTavish-Leigh Whannell-Tainui Kirkwood-Tamor Kirkwood-Denzel Quirke-Kaan Guldur-Otis Dhanji-Kekoa Kekumano-Julie Andrews-John Rhys-Davies-Djimon Hounsou-Andrew Crawford-Sophia Forrest-Natalia Safran-Micah Ohlman-Jack Andrew-Frankie Creagh-Leslie-Sophia Emberson-Bain-Ilya Melnikoff-Hank Amos-Kyryl Koltsov-Patrick Cox-Luke Owen-Robert Longstreet-Devika Parikh-Sonny Le-Jon Fabian-Mabel Tamone-Rita Dinardo-Anthony Standish-Nicolette Bianca-Victor Leto-Vincent B. Gorce-Gabriella Petkova-Oriana Lacono-Pearl Grantham-Noa Tsuchiya-Alice Lanesbury-Nicolas Bosc-Joshua Levinson-Garreth Hadfield,hero-atlantis-half-brother-superhero-based on comic-royalty-shark-duringcreditsstinger-dc extended universe (dceu),/zdw7Wf97vsQ0YnGomxDqfcEdUjX.jpg,/9QusGjxcYvfPD1THg6oW3RLeNn7.jpg,424783-335983-287947-324857-363088-299537-338952-284054-383498-428078-404368-141052-299536-405774-297762-399579-299534-260513-375588-424694-450465
429617,Spider-Man: Far From Home,Action-Adventure-Science Fiction,en,Peter Parker and his friends go on a summer trip to Europe. However they will hardly be able to rest - Peter will have to agree to help Nick Fury uncover the mystery of creatures that cause natural disasters and destruction throughout the continent.,99.709,Marvel Studios-Pascal Pictures,6/28/19,160000000,1131927996,129,Released,It��s time to step up.,7.5,13812,Tom Holland-Samuel L. Jackson-Jake Gyllenhaal-Marisa Tomei-Jon Favreau-Zendaya-Jacob Batalon-Tony Revolori-Angourie Rice-Remy Hii-Martin Starr-J.B. Smoove-Jorge Lendeborg Jr.-Cobie Smulders-Numan Acar-Zach Barack-Zoha Rahman-Yasmin Mwanza-Joshua Sinclair-Evans-Tyler Luke Cunningham-Sebasti��n Viveros-Toni Garrn-Peter Billingsley-Clare Dunne-Nicholas Gleaves-Claire Rushbrook-J.K. Simmons-Dawn Michelle King-Jeroen van Koningsbrugge-Michael de Roos-Jan-Paul Buijs-Sergio Pierattini-Anjana Vasan-Brian Law-Evelyn Mok-Tatiana Lunardon-Giada Benedetti-Luk��� Bech-Alessandro Giuggioli-Petr Opava-Giuseppe Andriolo-Pat Kiernan-Shari Abdul-Mari Alexandrova-Kristen Alminta-Vincent Angel-Peter Arpesella-Lasco Atkins-Sitara Attaie-Peter Bankol�-Blair Barnette-Tuwaine Barrett-Anna Benamati-Avondre E.D. Beverley-Bruno Bilotta-Sharon Blynn-Luigi Boccanfuso-Paolo Braghetto-Dante Brattelli-Jeff Bridges-Graham Burton-Ken Byrd-Sokol Cahani-Gianni Calchetti-Darren Lee Campbell-H�l��ne Cardona-Dian Cathal-Jake Cerny-Daphne Cheung-Sam Chuck-Al Clark-Victoria Coburn-Kimberly Collison-Tiziana Coste-Jaylen Davis-Kristianne-Kaith Domingo-Andrew Dunkelberger-Charlie Esqu�r-Ria Fend-Ferroz Fernandez-Vincent Frattini-Massi Furlan-Cynthia Garbutt-Thomas Goodridge-Sonia Goswami-Nicholle Hembra-Michael Hennessy-Meagan Holder-Patrick Doran-Ruth Horrocks-Chris Hyacinthe-Michael Iacono-Roman Ibragimov-Theo Ip-Timothy Christian Jansen-Keon Kendrick-Camille Kinloch-Michal Kubal-Hannah Kurczeski-G�raldine Lamarre-Jimena Larraguivel-Rich Lawton-Kath Leroy-Gavin Lee Lewis-Patrick Loh-Joseph Long-Marian Lorencik-Ketan Majmudar-Tony Mardon-Anton�_n Ma��ek-Eustace Meade-Ben Mendelsohn-Bradley Wj Miller-Melissa Beth Miller-Anthony Molinari-Julia Mollin-Adrian Mozzi-Brendan Murphy-Amanda Musso-Emily Ng-Daniel Olson-Karen Parks-Hiten Patel-Clay Pel-is-Luigi Petrazzuolo-Aleksandrs Petukhovs-Annie Pisapia-Martin Polak-Jivan Xander Ramesh-Mike Ray-Sofia Renee-Daniel Rennis-Sawyer Reo-Cailan Robinson-Emmanuel Rodriguez-Ray Rosario-Daniel Ryves-Maurice Sardison-Susanne Schraps-Karen-J Sear-Ilya Tank Shilov-Davina Sitaram-Joakim Skarli-Paul Slim-Richard Stanley-Lucas Antoine Starrets-Faith Tarby-Emily Tebbutt-Oskar Ulvestad-Lesdy Vanessa-Jessica VanOss-Joe David Walters-Jo Wheatley-Dale Wilder-Rocco Wu-Jan Zalabak-Samantha Mishinski-Alessandro Sciarra-Aristou Meehan,venice italy-europe-school trip-sequel-superhero-based on comic-destruction-aftercreditsstinger-duringcreditsstinger-marvel cinematic universe (mcu)-tower of london,/4q2NNj4S5dG2RLF9CpXsej7yXl.jpg,/ng6SSB3JhbcpKTwbPDsRwUYK8Cq.jpg,315635-299534-299537-299536-363088-284053-324857-271110-99861-301528-284054-559-10138-76338-284052-283995-102382-557-102899-1726-287947
299537,Captain Marvel,Action-Adventure-Science Fiction,en,The story follows Carol Danvers as she becomes one of the universe��s most powerful heroes when Earth is caught in the middle of a galactic war between two alien races. Set in the 1990s Captain Marvel is an all-new adventure from a previously unseen period in the history of the Marvel Cinematic Universe.,57.765,Marvel Studios,3/6/19,152000000,1131416446,124,Released,Higher. Further. Faster.,6.9,13998,Brie Larson-Samuel L. Jackson-Ben Mendelsohn-Jude Law-Annette Bening-Djimon Hounsou-Lee Pace-Lashana Lynch-Gemma Chan-Clark Gregg-Rune Temte-Algenis Perez Soto-Mckenna Grace-Akira Akbar-Matthew Maher-Chuku Modu-Vik Sahay-Colin Ford-Kenneth Mitchell-Stephen A. Chang-Pete Ploszek-Matthew 'Spider' Kimmel-Stephen 'Cajun' Del Bagno-London Fuller-Azari Akbar-Mark Daugherty-Diana Toshiko-Barry Curtis-Emily Ozrey-Abigaille Ozrey-Marilyn Brett-Stan Lee-Robert Kazinsky-Nelson Franklin-Patrick Brennan-Patrick Gallagher-Ana Ayora-Lyonetta Flowers-Rufus Flowers-Sharon Blynn-Auden L. Ophuls-Harriet L. Ophuls-Matthew Bellows-Richard Zeringue-Duane Henry-Chris Evans-Scarlett Johansson-Don Cheadle-Mark Ruffalo-Kelly Sue DeConnick-Vinny O'Brien-Joey Courteau-Anthony Molinari,superhero-based on comic-alien invasion-super power-female hero-aftercreditsstinger-duringcreditsstinger-marvel cinematic universe (mcu)-woman director-hero's journey-1990s-alien technology,/AtsgWhDnHTq68L0lLsUrCnM7TjG.jpg,/w2PMyoyLU22YvrGK3smVM9fW1jj.jpg,901944-299534-363088-429617-299536-284053-284054-1771-271110-76338-99861-315635-10138-100402-10195-102899-283995-1726-287947-284052-68721
38356,Transformers: Dark of the Moon,Action-Science Fiction-Adventure,en,The Autobots continue to work for NEST now no longer in secret. But after discovering a strange artifact during a mission in Chernobyl it becomes apparent to Optimus Prime that the United States government has been less than forthright with them.,13.866,Paramount-di Bonaventura Pictures-Tom DeSanto/Don Murphy Production-Ian Bryce Productions,6/28/11,195000000,1123800000,154,Released,The invasion we always feared. An enemy we never expected.,6.19,7907,Shia LaBeouf-Josh Duhamel-John Turturro-Tyrese Gibson-Rosie Huntington-Whiteley-Frances McDormand-John Malkovich-Patrick Dempsey-Kevin Dunn-Julie White-Ken Jeong-Alan Tudyk-Glenn Morshower-Lester Speight-Buzz Aldrin-Bill O'Reilly-Ravil Isyanov-Dustin Dennard-Markiss McFadden-Nick Bickle-Ajay James-Brett Lynch-Chris A. Robinson-Scott C. Roe-James D. Weston II-Brian Call-Aaron Garrido-Mikal Vega-Kenny Sheard-Josh Kelly-Keiko Agena-LaMonica Garrett-Yasen Peyankov-Brett Stimely-John H. Tobin-Drew Pillsbury-Patrick Pankhurst-Larry Clarke-Tom Virtue-Thomas Crawford-Kevin Sizemore-Alan Pietruszewski-Michael Daniel Cassady-Peter Murnik-Don Jeanes-Cory Tucker-Lindsey Ginter-David St. James-Mitch Bromwell-Elya Baskin-Eugene Alper-Inna Korobkina-Zoran Radanovich-Kathleen Gati-Annie O'Donnell-Chris Sheffield-Ken Takemoto-Michael Loeffelholz-Mindy Sterling-Stephen Monroe Taylor-Andy Daly-Derek Miller-Leidy Mazo-Scott Krinsky-Katherine Sigismund-Maile Flanagan-Darren O'Hare-Jack Axelrod-Rich Hutchman-Meredith Monroe-Charlotte Labadie-Christian Baha-Jennifer Williams-Danielle Fornarelli-Danny McCarthy-John Turk-Peter A Kelly-Mark Golden-Sean Murphy-Scott Paulson-Luis Echagarruga-Iqbal Theba-Anthony Azizi-Sammy Sheik-Mark Ryan-John S. McAfee-Jay Gates-Rebecca Cooper-Peter Cullen-Hugo Weaving-Leonard Nimoy-Jess Harnell-Charlie Adler-Robert Foxworth-James Remar-Francesco Quinn-George Coe-Tom Kenny-Reno Wilson-Frank Welker-Ron Bottitta-John DiMaggio-Keith Szarabajka-Greg Berg,spacecraft-moon-traitor-bodyguard-alien planet-based on toy-giant robot-sabotage-word domination-commando-duringcreditsstinger,/28YlCLrFhONteYSs9hKjD1Km0Cj.jpg,/h3js4rulxzKMOokM2oO5Kr0mBZU.jpg,8373-1858-91314-335988-2080-36668-49538-36657-36658-20526-14869-1865-41154-64635-1979-27578-56292-534-58574-13804-14161
122,The Lord of the Rings: The Return of the King,Adventure-Fantasy-Action,en,Aragorn is revealed as the heir to the ancient kings as he Gandalf and the other members of the broken fellowship struggle to save Gondor from Sauron's forces. Meanwhile Frodo and Sam take the ring closer to the heart of Mordor the dark lord's realm.,82.045,New Line Cinema-WingNut Films-The Saul Zaentz Company,12/1/03,94000000,1118888979,201,Released,The eye of the enemy is moving.,8.5,22005,Elijah Wood-Sean Astin-Ian McKellen-Viggo Mortensen-Andy Serkis-Billy Boyd-Miranda Otto-Dominic Monaghan-Bernard Hill-David Wenham-Orlando Bloom-John Rhys-Davies-Karl Urban-John Noble-Liv Tyler-Lawrence Makoare-Ian Holm-Cate Blanchett-Hugo Weaving-Sean Bean-Marton Csokas-Paul Norell-Alan Howard-Noel Appleby-Ali Astin-David Aston-John Bach-Sadwyn Brophy-Alistair Browning-Richard Edge-Jason Fitch-Bruce Hopkins-Ian Hughes-Bret McKenzie-Sarah McLeod-Maisy McLeod-Riera-Bruce Phillips-Shane Rangi-Todd Rippon-Thomas Robins-Harry Sinclair-Peter Tait-Joel Tobeck-Stephen Ure-Sala Baker-Robert Pollock-Ross Duncan-Pete Smith-Jed Brophy-Lee Hartley-Billy Jackson-Katie Jackson-Jane Abbott-Gino Acevedo-Aidan Bell-Jarl Benzon-J�rn Benzon-Emma Deakin-Michael Elsworth-Clint Elvy-Zo Hartley-Peter Jackson-Sandro Kopp-Andrew Lesnie-Joseph Mika-Hunt-Henry Mortensen-Craig Parker-Rick Porras-Christian Rivers-Michael Semanick-Howard Shore-John Stephenson-Richard Taylor-Royd Tolkien-Christopher Lee-Brad Dourif-Bruce Spence-Phil Grieve,elves-dwarf-orcs-based on novel or book-suspicion-volcano-bravery-addiction-honor-royalty-troll-brutality-ghost-wizard-quest-live action and animation-sword and sorcery,/rCzpDGLbOoPwLjy3OAm5NUPOTrC.jpg,/2u7zbn8EudG6kLlBzUYqP8RyFU4.jpg,1013665-121-120-10366-11285-283564-10925-1892-615774-950445-15969-34204-49051-16234-359983-628866-13888-13155-390555-16690-155
37724,Skyfall,Action-Adventure-Thriller,en,When Bond's latest assignment goes gravely wrong agents around the world are exposed and MI6 headquarters is attacked. While M faces challenges to her authority and position from Gareth Mallory the new Chairman of the Intelligence and Security Committee it's up to Bond aided only by field agent Eve to locate the mastermind behind the attack.,46.095,Danjaq-Columbia Pictures-Eon Productions-Metro-Goldwyn-Mayer-B23,10/24/12,200000000,1108569499,143,Released,Think on your sins.,7.219,14096,Daniel Craig-Judi Dench-Javier Bardem-Naomie Harris-Ralph Fiennes-Ben Whishaw-Albert Finney-B�r�nice Marlohe-Rory Kinnear-Ola Rapace-Helen McCrory-Nicholas Woodeson-Bill Buckhurst-Elize du Toit-Ian Bonar-Gordon Milne-Peter Basham-Ben Loyd-Holmes-Tonia Sotiropoulou-Wolf Blitzer-Orion Lee-Dave Wong-Roger Yuan-Yang Liang-Yennis Cheung-Chooye Bay-Milorad Kapor-Huw Edwards-Elio Lo Tauro-Amir Boutrous-Nicholas Goh-Khan Bonfils-Kurt Egyiawan-Oliver Johnstone-Harry Kershaw-Burt Caesar-Crispin Letts-Beatrice Curnew-Jim Conway-Jens Hult�n-Michael Pink-Jo Cameron Brown-Anthony O'Donnell-Hannah Stokely-Wayne Gordon-Tom Wu-Jake Fairbrother-Christopher Sciueref-Daniel Adegboyega-Selva Rasalingam-Steve Barnett-Lee Nicholas Harris-Duncan Casey-Angela Tran-Tom Coulston,spy-secret agent-sociopath-mi6-killer-art gallery-british secret service-uzi-booby trap-impersonating a police officer-macao-komodo dragon,/d0IVecFQvsGdSbnMAHqiYsNYaJT.jpg,/hoQhlAskVNgLQhArnH7reWP4pUp.jpg,10764-36557-49026-206647-49051-56292-68721-24428-70160-1930-87827-68718-70981-59967-10528-47964-155-19995-49521-27205-54138
91314,Transformers: Age of Extinction,Science Fiction-Action-Adventure,en,"As humanity picks up the pieces following the conclusion of ""Transformers: Dark of the Moon"" Autobots and Decepticons have all but vanished from the face of the planet. However a group of powerful ingenious businessman and scientists attempt to learn from past Transformer incursions and push the boundaries of technology beyond what they can control - all while an ancient powerful Transformer menace sets Earth in his cross-hairs.",199.987,di Bonaventura Pictures-Tom DeSanto/Don Murphy Production-Ian Bryce Productions-Paramount,6/25/14,210000000,1104054072,165,Released,"This is not war, it's extinction.",5.9,7328,Mark Wahlberg-Stanley Tucci-Kelsey Grammer-Nicola Peltz Beckham-Jack Reynor-Sophia Myles-Li Bingbing-Titus Welliver-T.J. Miller-James Bachman-Thomas Lennon-Charles Parnell-Erika Fong-Michael Collins-Han Geng-Zou Shiming-Richard Riehle-Patrick Bristow-Cleo King-Calvin Wimmer-Glenn Keogh-David Midthunder-Richard Gallion-Nick Horst-Kassem Gharaibeh-Yanis Kalnins-Edward T. Welburn-Peter A Kelly-Jessica Gomes-Andreas Beckett-Alexander Leeb-Jamison Haase-Drew Wicks-Gene Shieh-Woei Bee-Wang Ying-William Wang-Abigail Klein-Melanie Specht-Greg Matthew Anderson-Austin Lin-Victoria Summer-Kevin Covais-B. Adam Baillio-Mikal Vega-Andrew Arrabito-Tyrone Smith-Kenny Sheard-Kevin Kent-Michael Wong-Winston Yeh Ying-Wen-Ray Lui-Candice Zhao-Li Jun Ting-Howard Y. Woo-Jingsheng Yu-Ben Wang-Eddie San Chan-Zhang Tianyu-Wu Gang-Teresa Daley-Peter Cullen-Frank Welker-John Goodman-Ken Watanabe-Robert Foxworth-John DiMaggio-Mark Ryan-Reno Wilson-Michael Bay,music video-sequel-alien-based on toy-giant robot-robot,/6lANYv3fDtvey3w5oFusyPK41Kl.jpg,/wxr4Z6E83h14CogsZOzDm1vuDX3.jpg,38356-8373-335988-1858-127585-98566-119450-102382-25565-124905-137113-100402-76338-76170-138103-97020-168259-49521-184315-68726-82702
49026,The Dark Knight Rises,Action-Crime-Drama-Thriller,en,Following the death of District Attorney Harvey Dent Batman assumes responsibility for Dent's crimes to protect the late attorney's reputation and is subsequently hunted by the Gotham City Police Department. Eight years later Batman encounters the mysterious Selina Kyle and the villainous Bane a new terrorist leader who overwhelms Gotham's finest. The Dark Knight resurfaces to protect a city that has branded him an enemy.,116.568,Syncopy-Legendary Pictures-DC Entertainment-Warner Bros. Pictures,7/17/12,250000000,1081041287,165,Released,The Legend Ends,7.777,21642,Christian Bale-Michael Caine-Gary Oldman-Anne Hathaway-Tom Hardy-Marion Cotillard-Joseph Gordon-Levitt-Morgan Freeman-Matthew Modine-Juno Temple-Ben Mendelsohn-Burn Gorman-Daniel Sunjata-Cillian Murphy-Alon Abutbul-Liam Neeson-Nestor Carbonell-Josh Stewart-Aidan Gillen-Tom Conti-Joey King-Josh Pence-John Nolan-Warren Brown-Sam Kennard-Nick Julian-Miranda Nolan-Claire Julien-Brett Cullen-Reggie Lee-Joseph Lyle Taylor-Chris Ellis-Duane Henry-James Harvey Ward-Gonzalo Menendez-Cameron Jack-Lex Daniel-Tyler Dean Flores-Thomas Lennon-Trevor White-Rob Brown-Daina Griffith-Fredric Lehne-Courtney Munch-Chris Hill-Travis Guba-Jay Benedict-Will Estes-David Dayan Fisher-Glen Powell-Ben Cornish-Russ Fega-Andres Perez-Molina-Brent Briscoe-Oliver Cotton-Mark Killeen-Sarah Goldberg-John Macmillan-Robert Wisdom-Ronnie Gene Blevins-John Hollingworth-Ian Bohen-Uri Gavriel-Noel Gugliemi-Hector Atreyu Ruiz-Patrick Cox-Aramis Knight-William Devane-David Gyasi-Patrick Jordan-Joshua Elijah Reese-Desmond Harrington-Mychael Bates-Tomas Arana-Peter Holden-David Monahan-Jillian Armenante-Aja Evans-Aldous Davidson-Wade Williams-Jake Canuso-Julie Mun-Rory Nolan-Harry Coles-Massi Furlan-Todd Gearhart-Christopher Judge-Patrick Leahy-Kevin Kiely Jnr-Daniel Newman-Marc Abbink-Isiah Adams-Charlie Alejandro-Robert Arensen-Grant Babbitt-Fileena Bahris-Rick Bolander-Kyle Patrick Brennan-Scott Churchson-Bill Cowher-Graham Curry-Aaron Eckhart-Stephanie Domini-John Farrer-Frank Fata-Christopher Bryan Gomez-Vito Grassi-Michael Wren Gucciardo-Ed Heavey-John W. Iwanonkiw-Cindy Jackson-Daniel Jordano-Tiffany Kemp-Sun Jae Kim-Hrvoje Klecz-Alex Kruz-Tyler La Marr-LeJon Stewart-Paul Jude Letersky-Joe Lipari-Silvia Lombardo-Jorge Mardel-Cale McConnell-David Dale McCue-Michael Papajohn-Salomon Passariello-Allen Merritt-Olan Montgomery-Alex Moore-Shane Nolan-Kyle David Pierce-Troy Polamalu-Michael Power-James Rawlings-Kirsten Roeters-Ben Roethlisberger-Mark Roman-Eric Salazar-Emily Schooley-Thomas Tull-Chris Vaina-Barbara Vincent-Justin Michael Woods-Jason Yee-John Zion-Alex Ziwak-Tommy Bayiokos-Jeff Moffitt-Diogo Hausen-Gary Sievers-Orion McCabe-London May-James Quinn-Joe Fishel-Ming Wang-Simon Rhee-Hines Ward-Heath Miller-Collin Taylor-Antonio Piluso-Jackson Nunn-Alja�_ Tepina,fight-burglar-hostage-secret identity-crime fighter-superhero-villainess-time bomb-based on comic-cover-up-vigilante-tragic hero-mobile-terrorism-destruction-fighting-criminal underworld-cat burglar-flood,/hr0L2aueqlP2BYUblTTjmtn0hw4.jpg,/c3OHQncTAnKFhdOTX7D3LTW6son.jpg,272-155-27205-37724-68721-24428-19995-1726-49521-1930-68718-120-49051-1771-10138-121-122-603-10195-49538-70160
475557,Joker,Crime-Thriller-Drama,en,During the 1980s a failed stand-up comedian is driven insane and turns to a life of crime and chaos in Gotham City while becoming an infamous psychopathic crime figure.,145.268,Warner Bros. Pictures-Joint Effort-Village Roadshow Pictures-Bron Studios-DC Films,10/1/19,55000000,1074500000,122,Released,Put on a happy face.,8.163,24337,Joaquin Phoenix-Robert De Niro-Zazie Beetz-Frances Conroy-Brett Cullen-Shea Whigham-Bill Camp-Glenn Fleshler-Leigh Gill-Josh Pais-Rocco Luna-Marc Maron-Sondra James-Murphy Guyer-Douglas Hodge-Dante Pereira-Olson-Carrie Louise Putrello-Sharon Washington-Hannah Gross-Frank Wood-Brian Tyree Henry-April Grace-Mick Szal-Carl Lundstedt-Michael Benz-Ben Warheit-Gary Gulman-Sam Morril-Chris Redd-Mandela Bellamy-Demetrius Dotson II-Greer Barnes-Ray Iannicelli-Bryan Callen-Peter Hans Benson-Vito Gerbino-Adam Quezada-Xavyer Ure�a-Evan Rosado-Damian Emmanuel-Mike Troll-Jane Fergus-David Gibson-Tony D. Head-Jeff McCarthy-Kim Brockington-Troy Roberts-Lou Young-Michael-Scott Druckenmiller-Craig Austin-John Cenatiempo-Danny Schoch-Keith Buterbaugh-James Ciccone-Rich Campbell-Roger Squitero-Steven Elson-Graham Mabry-John Alldred-Alonzo Wright-Jack Wilkins-Richard Baratta-Mary Kate Malat-Adrienne Acevedo Lovette-Justin Theroux-Alissa Bourne-Jamaal Burcher-John Cashin-Jason John Cicalese-Brendan Patrick Connor-Blaise Corrigan-Dennis Jay Funny-James P. Harkins-Joseph Hernandez-Ben Heyman-Graham Maby-Jesse Schratz-Isabella Ferreira-Shade Rupe,dream-street gang-society-psychopath-clown-villain-based on comic-murder-psychological thriller-criminal mastermind-mental illness-anarchy-character study-clown makeup-subway train-social realism-supervillain-tv host-1980s-mother son relationship-origin story-falling into madness-depressing,/udDclJoHjfjb8Ekgsd4FDteOkCU.jpg,/f5F4cRhQdUbyVbB5lTNCwUzD6BP.jpg,466272-496243-559969-530915-299536-492188-515001-429617-420818-474350-546554-420809-181812-359724-398978-11324-157336-495764-419704-331482-512200
181812,Star Wars: The Rise of Skywalker,Adventure-Action-Science Fiction,en,The surviving Resistance faces the First Order once again as the journey of Rey Finn and Poe Dameron continues. With the power and knowledge of generations behind them the final battle begins.,62.836,Lucasfilm Ltd.-Bad Robot,12/18/19,250000000,1074144248,142,Released,Every generation has a legend,6.355,9154,Carrie Fisher-Mark Hamill-Daisy Ridley-Adam Driver-John Boyega-Oscar Isaac-Anthony Daniels-Naomi Ackie-Domhnall Gleeson-Richard E. Grant-Lupita Nyong'o-Keri Russell-Joonas Suotamo-Kelly Marie Tran-Ian McDiarmid-Billy Dee Williams-Greg Grunberg-Shirley Henderson-Billie Lourd-Dominic Monaghan-Hassan Taj-Lee Towersey-Brian Herring-Dave Chapman-Richard Guiver-Lynn Robertson Bruce-J.J. Abrams-Claire Roi Harvey-Richard Coombs-Matt Denton-Nick Kellington-Mandeep Dhillon-Alison Rose-Amanda Lawrence-Tanya Moodie-Simon Paisley Day-Geff Francis-Amanda Hale-Amir El-Masry-Aidan Cook-Martin Wilde-Anton Simpson-Tidy-Lukaz Leong-Tom Rodgers-Joe Kennard-Ashley Beck-Bryony Miller-Cyril Nri-Angela Christian-Indra Ov�-Richard Bremmer-Richard Durden-Andrew Havill-Nasser Memarzia-Patrick Kennedy-Aaron Neil-Joe Hewetson-Raghad Chaar-Mim� M. Khayisa-Tom Wilton-Chris Terrio-Kiran Shah-Debra Wilson-Josef Altin-Vinette Robinson-Mike Quinn-Bill Kipsang Rotich-Ann Firbank-Diana Kent-Warwick Davis-Harrison Davis-Elliot Hawkes-Philicia Saunders-John Williams-Nigel Godrich-Dhani Harrison-J.D. Dillard-Dave Hearn-Rochenda Sandall-Jacob Fortune-Lloyd-Andreea Diac-Liam Cook-Denis Lawson-Carolyn Hennesy-Paul Kasey-Matthew Wood-James Earl Jones-Andy Serkis-Josefine Irrera Jackson-Cailey Fleming-Jodie Comer-Billy Howle-Hayden Christensen-Olivia d'Abo-Ashley Eckstein-Jennifer Hale-Samuel L. Jackson-Ewan McGregor-Alec Guinness-Frank Oz-Angelique Perrin-Freddie Prinze Jr.-Liam Neeson-Harrison Ford-Lin-Manuel Miranda-Ed Sheeran-Gerald W. Abrams-Jeff Garlin-Karl Urban-Kevin Smith,space opera,/db32LaOibwEliAmSL2jjDF6oDdj.jpg,/jOzrELAzFxtMx2I4uDGHOotdfsS.jpg,181808-140607-1895-1894-1893-348350-11-330459-1891-1892-52249-271172-12180-429617-512200-299534-475557-551591-432134-161704-82938
301528,Toy Story 4,Family-Adventure-Animation-Comedy-Fantasy,en,"Woody has always been confident about his place in the world and that his priority is taking care of his kid whether that's Andy or Bonnie. But when Bonnie adds a reluctant new toy called ""Forky"" to her room a road trip adventure alongside old and new friends will show Woody how big the world can be for a toy.",109.033,Walt Disney Pictures-Pixar,6/19/19,175000000,1073395000,100,Released,Get Ready to Hit the Road,7.51,9236,Tom Hanks-Tim Allen-Annie Potts-Tony Hale-Keegan-Michael Key-Madeleine McGraw-Christina Hendricks-Jordan Peele-Keanu Reeves-Ally Maki-Jay Hernandez-Lori Alan-Joan Cusack-Bonnie Hunt-Kristen Schaal-Emily Davis-Wallace Shawn-John Ratzenberger-Blake Clark-June Squibb-Carl Weathers-Lila Sage Bromley-Don Rickles-Jeff Garlin-Maliah Bargas-Good-Jack McGraw-Juliana Hansen-Estelle Harris-Laurie Metcalf-Steve Purcell-Mel Brooks-Alan Oppenheimer-Carol Burnett-Betty White-Carl Reiner-Bill Hader-Patricia Arquette-Timothy Dalton-Flea-Melissa Villase�or-Jeff Pidgeon-John Morris,friendship-cartoon-rescue mission-sequel-buddy-cowboy-duringcreditsstinger-toy comes to life,/w9kR8qbmQ01HwnvK4alvnQ2ca0L.jpg,/q62bpQ67qaXY0u6b2wFEnQYIbPd.jpg,863-10193-1028506-862-429617-420818-260513-221518-585-475557-2062-404368-260514-49013-330457-920-508439-62211-12-354912-299534
10193,Toy Story 3,Animation-Family-Comedy,en,Woody Buzz and the rest of Andy's toys haven't been played with in years. With Andy about to go to college the gang find themselves accidentally left at a nefarious day care center. The toys must band together to escape and return home to Andy.,84.15,Pixar-Walt Disney Pictures,6/16/10,200000000,1066970000,103,Released,No toy gets left behind.,7.793,13967,Tom Hanks-Tim Allen-Joan Cusack-Don Rickles-Wallace Shawn-John Ratzenberger-Estelle Harris-Blake Clark-Jeff Pidgeon-Ned Beatty-Michael Keaton-Jodi Benson-John Morris-Emily Hahn-Timothy Dalton-Kristen Schaal-Jeff Garlin-Bonnie Hunt-Whoopi Goldberg-Jack Angel-John Cygan-Jan Rabson-Laurie Metcalf-Lori Alan-Bea Miller-R. Lee Ermey-Teddy Newton-Richard Kind-Bud Luckey-Javier Fern��ndez-Pe�a-Charlie Bright-Amber Kroner-Brianna Maiwand-Erik von Detten-Jack Willis-Woody Smith-Carlos Alazraqui-Teresa Ganzel-Jess Harnell-Danny Mann-Mickie McGowan-Laraine Newman-Colleen O'Shaughnessey-Bob Peterson-Jerome Ranft-Lee Unkrich-Colette Whitaker-Constantino Bravos-Taiana Huff-Adam Joshua Jastrow-Leo Jergovic-Theodore F. Kayser-Gia Michailidis-Nikolas Michailidis-Aram� Scott-Hannah Unkrich-Godfrey Gao-Sherry Lynn-Jim Ward-Frank Welker,escape-hostage-college-sequel-buddy-daycare-teddy bear-duringcreditsstinger-toy comes to life-personification-inanimate objects come to life,/AbbXspMOwdvwWZgVN0nabZq03Ec.jpg,/uAfhsySkr1UzQg1zdg3dZQRz9Fd.jpg,863-862-585-12-9806-2062-14160-10681-920-62211-49013-808-62177-9487-38757-8587-953-10191-425-9502-20352
58,Pirates of the Caribbean: Dead Man's Chest,Adventure-Fantasy-Action,en,Captain Jack Sparrow works his way out of a blood debt with the ghostly Davy Jones to avoid eternal damnation.,95.856,Walt Disney Pictures-Jerry Bruckheimer Films-Second Mate Productions,7/6/06,200000000,1065659812,151,Released,Captain Jack is back!,7.337,14283,Johnny Depp-Orlando Bloom-Keira Knightley-Stellan Skarsg�rd-Bill Nighy-Jack Davenport-Kevin McNally-Jonathan Pryce-Lee Arenberg-Mackenzie Crook-Tom Hollander-Naomie Harris-David Bailie-Martin Klebba-David Schofield-Alex Norton-Dermot Keaney-Andy Beckwith-Clive Ashborn-Reggie Lee-Christopher Adamson-Jonathan Linsley-John Boswall-Max Baker-Steve Speirs-Lauren Maher-Vanessa Branch-Luke de Woolfson-Jonathan Kite-Ho-Kwan Tse-Peter Donald Badalamenti II-Christopher S. Capp-Donald Dowd-Barry McEvoy-Claudia Adams-Filip Cvijetic-Michael Enright-Geoffrey Rush,witch-fortune teller-bondage-exotic island-monster-captain-east india company-compass-ship-daughter-sword fight-pirate-cannibal-swashbuckler-kraken-aftercreditsstinger-based on theme park ride,/uXEqmloGyP7UXAiphJUu2v2pcuE.jpg,/14F9FtM2DOPex5zrZkauJwWobtl.jpg,285-1865-22-166426-675-12444-767-674-672-12445-673-425-607-557-10138-121-671-10528-12155-862-12
330459,Rogue One: A Star Wars Story,Action-Adventure-Science Fiction,en,A rogue band of resistance fighters unite for a mission to steal the Death Star plans and bring a new hope to the galaxy.,44.122,Lucasfilm Ltd.,12/14/16,200000000,1056057273,133,Released,A Rebellion Built on Hope,7.487,13990,Felicity Jones-Diego Luna-Alan Tudyk-Donnie Yen-Jiang Wen-Ben Mendelsohn-Guy Henry-Forest Whitaker-Riz Ahmed-Mads Mikkelsen-Jimmy Smits-Alistair Petrie-Genevieve O'Reilly-Ben Daniels-Paul Kasey-Stephen Stanton-Ian McElhinney-Fares Fares-Jonathan Aris-Sharon Duncan-Brewster-Spencer Wilding-Daniel Naprous-James Earl Jones-Ingvild Deila-Anthony Daniels-Jimmy Vee-Valene Kane-Beau Gadsdon-Dolly Gadsdon-Duncan Pow-Jordan Stephens-Babou Ceesay-Aidan Cook-Daniel Mays-Andy de la Tour-Tony Pitts-Martin Gordon-Eric MacLennan-Francis Magee-Bronson Webb-Geraldine James-Ariyon Bakare-Simon Farnaby-Drewe Henley-Angus MacInnes-Toby Hefferman-Jack Roth-Geoff Bell-Derek Arnold-Nick Kellington-Michael Smiley-Warwick Davis-Angus Wright-David Ankrum-Ian Whyte-Rian Johnson-Ned Dennehy-Angus Cook-Emeson Nwolie-Jorge Leon Martinez-Russell Balogh-Steen Young-Attila G. Kerekes-Mac Pietowski-Ram Bergman-Katie Sheridan-Terri Douglas-Vanessa Lengies-Vanessa Marshall-Verona Blue-Dave Filoni-David Boat-David Cowgill-David Sobolov-Eugene Byrd-Fred Tatasciore-James Arnold Taylor-Julian Stone-Matthew Wood-Michael Giacchino-Robin Atkin Downes-Samuel Witwer-Tom Kane-Tony Gilroy-Yuri Lowenthal-Alexi Melvin-Christian Simpson-Christopher Scarabosio-David Acord-Flora Miller-John Gilroy-John S. Schwartz-Jonathan Dixon-Karen Huie-Kevin Hickman-Lex Lang-Michael Donovan-Orly Schuchmacher-Steve Bardrack-Tom Harrison-Read-William M. Patrick-Robert Benedetti-Hall-Richard Franklin-James Harkness-David M. Santana-Robin Pearce-Tim Beckmann-Gabby Wong-Richard Glover-Richard Cunningham-Michael Gould-Rufus Wright-Michael Shaeffer-Matt Rippy-Michael Nardone-Nathan Plant-Christopher Patrick Nolan-Dee Tails-Ruth Bell-May Bell-Keith Dunphy-Alan Rushton-Weston Gavin-Nick Hobbs-Samantha Alleyne-Benjam�_n Ben�_tez-Arthur L. Bernstein-Steve Blum-Bern Colla�_o-Brendan Cook-Sabine Crossen-Matthew Dale-Zarene Dallas-Dave Prince-Gareth Edwards-Daniel Eghan-Marc Esse-Jake Francis-Scott Frazer-Steven James Griffiths-Sam Hanover-Philip Harvey-James Henri-Thomas-Dolly Jagdeo-Gary Kiely-Kamil Lemieszewski-Tyrone Love-Obie Matthew-Sandeep Mohan-Robert Strange-David Norfolk-Axel Nu-Jem Kai Olsen-Mike Prior-Louis Samms-Scott Tanner-Arti Shah-Kiran Shah-Tim Stafford-Scott Stevenson-Matthew Stirling-John Swartz-Albert Tang-Vince Taylor-Michael Thyx-Tony Toste-Sezer Unver-Pablo Verdejo-Jay Waddell-Paul Weston-John Whitby-Boriana Williams-Dion Williams-Ivy Wong-Hiu Woong-Sin-Sam Wilkinson-Hugh O'Brien,rebel-spacecraft-space battle-space travel-prequel-rebellion-female protagonist-space western-suicide mission-robot-spin off-space opera-alien language-against the odds-blind man,/i0yw1mFbB7sNGHCs7EXZPzFkdA1.jpg,/6t8ES1d12OzWyCGxBeDYLHoaDrT.jpg,140607-1895-1894-1893-181808-11-1891-348350-1892-181812-284052-271110-12180-263115-259316-283995-246655-209112-329865-118340-188927
420817,Aladdin,Adventure-Fantasy-Romance-Family,en,A kindhearted street urchin named Aladdin embarks on a magical adventure after finding a lamp that releases a wisecracking genie while a power-hungry Grand Vizier vies for the same lamp that has the power to make their deepest wishes come true.,49.295,Walt Disney Pictures-Rideback,5/22/19,183000000,1054304000,127,Released,Choose Wisely.,7.1,9068,Will Smith-Mena Massoud-Naomi Scott-Marwan Kenzari-Navid Negahban-Nasim Pedrad-Billy Magnussen-Numan Acar-Jordan A. Nash-Taliyah Blair-Aubrey Lin-Amir Boutrous-Omari Bernard-Nathaniel Ellul-Sebastien Torkia-Buckso Dhillon-Woolley-Ceara Batson-Vinani Mwazanzale-Demii Lee Walker-Elena Zacharia-Nazerene Williams-Bessy Naidu-Marisha Wallace-Maya Saroya-Amer Chadha-Patel-Omar Abidi-Stefan Kalipha-Firas Waleed Al-Taybeh-Nina Wadia-Elif Knight-Saikat Ahamed-Amed Hashimi-Stefan Capper-Jamal Sims-Alan Tudyk-Frank Welker-Robby Haynes-Bern Colla�_o-Michael Herne-Hiten Patel-Joey Ansah-Luke Johnson,hero-hustler-palace-musical-sultan-flying carpet-rags to riches-romance-monkey-family-first love-based on myths legends or folklore-genie-arabian nights-aladdin-live action and animation-live action remake,/ykUEbfpkf8d0w49pHh0AD2KrT52.jpg,/rVqY0Bo4Npf6EIONUROxjYAJfmD.jpg,420818-447404-320288-788106-458156-429617-373571-72839-301528-287947-329996-812-479455-299534-330457-412117-299537-420809-399579-384018-2768
1865,Pirates of the Caribbean: On Stranger Tides,Adventure-Action-Fantasy,en,Captain Jack Sparrow crosses paths with a woman from his past and he's not sure if it's love -- or if she's a ruthless con artist who's using him to find the fabled Fountain of Youth. When she forces him aboard the Queen Anne's Revenge the ship of the formidable pirate Blackbeard Jack finds himself on an unexpected adventure in which he doesn't know who to fear more: Blackbeard or the woman from his past.,117.087,Walt Disney Pictures-Jerry Bruckheimer Films-Moving Picture Company,5/15/11,379000000,1045713802,137,Released,Live Forever Or Die Trying.,6.5,13190,Johnny Depp-Pen�lope Cruz-Geoffrey Rush-Ian McShane-Kevin McNally-Sam Claflin-Astrid Berg��s-Frisbey-Stephen Graham-Keith Richards-Richard Griffiths-Greg Ellis-Damian O'Hare-��scar Jaenada-Anton Lesser-Roger Allam-Judi Dench-Christopher Fairbank-Paul Bazely-Bronson Webb-Richard Thomson-Yuki Matsuzaki-Robbie Kay-Steve Evets-Ian Mercer-Deobia Oparei-Gemma Ward-Sebastian Armesto-Juan Carlos Vellido-Tristan Laurence Perez-Norberto Mor��n-Gerard Monaco-Tyrone Lopez-Luke Roberts-Daniel Ings-Emilia Jones-Patrick Kennedy-Jody Halse-Clifford Rose-Paul Hunter-Jorgelina Guadalupe Airaldi-Brea Berrett-Toni Busker-Sanya Hughes-Daphne Joy-Antoinette Kalaj-Derek Mears-Danny Le Boyer-Kitt Barrie-Steve Morphew-Alan J. Utley-Moore-Fileena Bahris-Gintare Beinoraviciute-Nicola Bertram-Andrew Crayford-Jason Curle-Kristofer Dayne-Nichola Fynn-Sean Francis George-Bobby Holland Hanton-Randy Herman-Harley Jay-Aaron King-Jeremy King-Matt Lasky-LeJon Stewart-Teresa Mahoney-Edward Mitchell-Kelly Mumme-Salomon Passariello-Siegfried Peters-David Pinkus-Jean Pierre Prats-Steve Saunders-Santi Scinelli-Kristen StephensonPino-Richard Stoker-Robert Stone-Sean Talo-Harvey Walsh-Loretta Walsh-Hannah Walters-Claira Watson Parr-Chuck Williams,england-spain-sea-captain-mutiny-sword-prime minister-sailing-silver-ship-duke-mermaid-pirate-soldier-battle-swashbuckler-18th century-aftercreditsstinger-blackbeard-1750s,/keGfSvCmYj7CvdRx36OdVrAEibE.jpg,/wQ0r0JRs7elHSKg1SFtdWdKTYKi.jpg,285-58-22-166426-12444-12445-10138-675-767-10195-10528-674-672-673-41154-58574-1930-49538-425-12155-121
324852,Despicable Me 3,Action-Animation-Comedy-Family-Adventure,en,Gru and his wife Lucy must stop former '80s child star Balthazar Bratt from achieving world domination.,34.257,Illumination-Universal Pictures,6/15/17,80000000,1031552585,96,Released,Oh brother.,6.5,6466,Steve Carell-Kristen Wiig-Trey Parker-Miranda Cosgrove-Dana Gaier-Nev Scharrel-Steve Coogan-Julie Andrews-Jenny Slate-Pierre Coffin-Chris Renaud-Andy Nyman-Michael Beattie-Adrian Ciscato-Brian T. Delaney-Ken Daurio-Lori Alan-Carlos Alazraqui-Kyle Balda-Teresa Ganzel-Bob Bergen-Jess Harnell-Gregg Berger-John Kassir-Mona Marshall-John Cygan-Laraine Newman-Jan Rabson-Bill Farmer-Mindy Sterling-Danny Mann-Jim Ward-Matthew Wood-Katia Saponenko-Jude Alpers-Cory Walls-Sophie M. Siadatpour-Stephanie De Meautis-Bruno Dequier-Gregg Berger-Tara Strong,twin brother-sequel-despicable-minions,/6t3YWl7hrr88lCEFlGVqW5yV99R.jpg,/ftRkFtAGuHngHnLiOxktq0aCVMF.jpg,93456-20352-211672-295693-260514-278154-50349-378236-38832-10527-159824-140300-29233-8355-335797-950-80321-953-127380-49013-57800
127380,Finding Dory,Adventure-Animation-Comedy-Family,en,Dory is reunited with her friends Nemo and Marlin in the search for answers about her past. What can she remember? Who are her parents? And where did she learn to speak Whale?,32.945,Pixar-Walt Disney Pictures,6/16/16,200000000,1028570889,97,Released,An unforgettable journey she probably won't remember.,7.042,11504,Albert Brooks-Ellen DeGeneres-Ed O'Neill-Hayden Rolence-Diane Keaton-Eugene Levy-Ty Burrell-Kaitlin Olson-Idris Elba-Dominic West-Kate McKinnon-Bill Hader-Andrew Stanton-Torbin Xan Bullock-Bennett Dammann-Bob Peterson-Alexander Gould-Katherine Ringgold-John Ratzenberger-Angus MacLane-Willem Dafoe-Brad Garrett-Allison Janney-Austin Pendleton-Stephen Root-Vicki Lewis-Jerome Ranft-Sloane Murray-Lucia Geddes-Gabriel C. Brown-Sigourney Weaver-Riley Lio,fish-amnesia-octopus-sequel-anthropomorphism-underwater-aftercreditsstinger-clownfish,/3UVe8NL1E2ZdUZ9EDlKGJY5UzE.jpg,/8yYuFjRsozwOckhAaTHRLTiDwml.jpg,12-62211-150540-2062-9806-863-585-14160-920-10193-9487-62177-269149-862-328111-49013-105864-277834-109445-10681-260514
12155,Alice in Wonderland,Family-Fantasy-Adventure,en,Alice now 19 years old returns to the whimsical world she first entered as a child and embarks on a journey to discover her true destiny.,53.119,Walt Disney Pictures-Roth Films-Team Todd-Tim Burton Productions-The Zanuck Company,3/3/10,200000000,1025467110,108,Released,You're invited to a very important date.,6.616,12723,Mia Wasikowska-Johnny Depp-Anne Hathaway-Helena Bonham Carter-Crispin Glover-Matt Lucas-Alan Rickman-Stephen Fry-Michael Sheen-Timothy Spall-Marton Csokas-Lindsay Duncan-Geraldine James-Tim Pigott-Smith-Leo Bill-Frances de la Tour-Christopher Lee-Paul Whitehouse-Barbara Windsor-Michael Gough-Imelda Staunton-Eleanor Tomlinson-Rebecca Crookshank-Jemma Powell-Eleanor Gecks-Holly Hawkins-Lucy Davenport-Joel Swetow-Jessica Oyelowo-Ethan Cohn-Richard Alonzo-Harry Taylor-Chris Grabher-Simone Sault-Caroline Royce-Bonnie Parker-Cortney Palm-Amy Bailey,based on novel or book-queen-fantasy world-live action remake-based on young adult novel,/o0kre9wRCZz3jjSjaru7QU0UtFz.jpg,/20pkC7yJdCV4J1IMKfsCT9QU7zV.jpg,241259-118-812-162-12-1865-285-58-12444-62213-675-767-3933-12092-674-14160-425-12445-58595-953-38757
269149,Zootopia,Animation-Adventure-Family-Comedy,en,Determined to prove herself Officer Judy Hopps the first bunny on Zootopia's police force jumps at the chance to crack her first case - even if it means partnering with scam-artist fox Nick Wilde to solve the mystery.,111.664,Walt Disney Pictures-Walt Disney Animation Studios,2/11/16,150000000,1023784195,109,Released,Welcome to the urban jungle.,7.746,14669,Jason Bateman-Ginnifer Goodwin-Idris Elba-Jenny Slate-Nate Torrence-Bonnie Hunt-Don Lake-Tommy Chong-J.K. Simmons-Octavia Spencer-Alan Tudyk-Shakira-Raymond S. Persi-Della Saba-Maurice LaMarche-Phil Johnston-Fuschia!-John DiMaggio-Katie Lowes-Gita Reddy-Jesse Corti-Tom 'Tiny' Lister Jr.-Josh Dallas-Leah Latham-Rich Moore-Kath Soucie-Peter Mansbridge-Byron Howard-Jared Bush-Mark Rhino Smith-Josie Trinidad-John Lavelle-Kristen Bell-Evelyn Wilson Bresee-Hewitt Bush-Jill Cordes-Madeleine Curry-Terri Douglas-Melissa Goodwin Shepherd-Zach King-Dave Kohut-Jeremy Milton-Pace Paulsen-Fabienne Rawley-Bradford Simonsen-Claire K. Smith-Jackson Stein-David A. Thibodeau-Hannah G. Williams-Daveed Diggs,allegory-lion-hippopotamus-fox-elephant-sheep-cartoon-polar bear-bullying-revenge-conspiracy-con artist-urban-female protagonist-anthropomorphism-rabbit-animal-rookie cop-missing person-racial prejudice-injustice-reconciliation-buddy cop-stereotype-discrimination,/hlK0e0wAQ3VLuJcsfIYPvb4JVud.jpg,/p2fRZzxla6NoRbIH2KOZq0gHb5S.jpg,150540-177572-109445-127380-2062-38757-9806-14160-72962-12-585-277834-10681-293660-10193-862-425-259316-8587-278927-808
49051,The Hobbit: An Unexpected Journey,Adventure-Fantasy-Action,en,Bilbo Baggins a hobbit enjoying his quiet life is swept into an epic quest by Gandalf the Grey and thirteen dwarves who seek to reclaim their mountain home from Smaug the dragon.,81.291,Warner Bros. Pictures-Metro-Goldwyn-Mayer-New Line Cinema-WingNut Films,11/26/12,250000000,1021103568,169,Released,From the smallest beginnings come the greatest legends.,7.323,16761,Martin Freeman-Richard Armitage-Ian McKellen-Graham McTavish-Aidan Turner-Ken Stott-Dean O'Gorman-James Nesbitt-Mark Hadlow-Stephen Hunter-William Kircher-John Callen-Peter Hambleton-Jed Brophy-Adam Brown-Ian Holm-Elijah Wood-Hugo Weaving-Cate Blanchett-Christopher Lee-Andy Serkis-Sylvester McCoy-Barry Humphries-Jeffrey Thomas-Michael Mizrahi-Lee Pace-Manu Bennett-Conan Stevens-John Rawls-Stephen Ure-Timothy Bartlett-Bret McKenzie-Kiran Shah-Benedict Cumberbatch-Glenn Boswell-Thomas Robins-Luke Evans-Dan Hennah-Stephen Gledhill-Tim Gordon-Sonia Forbes Adam-Oscar Strik-Erin Banks-Brian Hotter-Eric Vespe-Mervyn Smith-Ruby Acevedo-Katie Jackson-Isaac Miller-Ella Olssen-Louis Ashbourne Serkis-Sonny Ashbourne Serkis-Ruby Ashbourne Serkis-Terry Notary-Peter Jackson,riddle-elves-dwarf-orcs-based on novel or book-mountain-burglar-sword-horseback riding-legend-travel-creature-thunderstorm-fantasy world-wizard-epic battle-lost ring-journey-goblin-giant-tunnel-underground lake-buried treasure-climbing a tree-invisibility-ancient-quest-high fantasy-trolls-elfen-epic fantasy-good vs evil-fantasy creature,/yHA9Fc37VmpUA5UncTxxo3rTGVA.jpg,/xyXmtuvsoM5J3yNad0nvcetpBdY.jpg,57158-122917-121-120-122-37724-49026-68721-24428-70160-19995-49521-1930-1865-58-12444-22-87827-10195-1726-285
155,The Dark Knight,Drama-Action-Crime-Thriller,en,Batman raises the stakes in his war on crime. With the help of Lt. Jim Gordon and District Attorney Harvey Dent Batman sets out to dismantle the remaining criminal organizations that plague the streets. The partnership proves to be effective but they soon find themselves prey to a reign of chaos unleashed by a rising criminal mastermind known to the terrified citizens of Gotham as the Joker.,126.226,DC Comics-Legendary Pictures-Syncopy-Isobel Griffiths-Warner Bros. Pictures,7/16/08,185000000,1004558444,152,Released,Welcome to a world without rules.,8.513,31145,Christian Bale-Heath Ledger-Michael Caine-Gary Oldman-Aaron Eckhart-Maggie Gyllenhaal-Morgan Freeman-Nestor Carbonell-Monique Gabriela Curnen-Ron Dean-Chin Han-Eric Roberts-Ritchie Coster-Anthony Michael Hall-Keith Szarabajka-Joshua Harto-Melinda McGraw-Nathan Gamble-Michael Jai White-Colin McFarlane-Nydia Rodriguez Terracina-Tommy Lister Jr.-William Fichtner-Cillian Murphy-Patrick Leahy-Matt Skiba-David Dastmalchian-Michael Vieau-Michael Stoyanov-William Smillie-Danny Goldring-Matthew O'Neill-Olumiji Olawumi-Greg Beam-Erik Hellman-Beatrice Rosen-Vincenzo Nicoli-Edison Chen-Andy Luther-James Farruggio-Tom McElroy-Will Zahrn-James Fierro-Sam Derence-Jennifer Knox-Patrick Clear-Sarah Jayne Dunn-Charles Venn-Winston Ellis-Sophia Hinshelwood-Keith Kupferer-Joseph Luis Caballero-Richard Dillane-Daryl Satcher-Chris Petschler-Aidan Feore-Philip Bulcock-Paul Birchard-Walter Lewis-Vincent Riotta-Nancy Crane-K. Todd Freeman-Matt Shallenberger-Michael Andrew Gorman-Lanny Lutz-Peter DeFaria-Matt Rippy-Andrew Bicknell-Ariyon Bakare-Doug Ballard-Helene Maksoud-Tommy Campbell-Craig Heaney-Lorna Gayle-Lisa McAllister-Peter Brooke-Joshua Rollins-Dale Rivera-Matthew Leitch-Thomas Gaitsch-William Armstrong-Adam Kalesperis-Tristan Tait-Bronson Webb-David Ajala-Gertrude Kyles-Jonathan Ryland-James Scales-Nigel Carrington-Ian Pirie-Lateef Lovejoy-Grahame Edwards-Roger Monk-Ronan Summers-Wai Wong-Michael Corey Foster-Hannah Gunn-Jon Lee Brody-Debbi Burns-Maritza Cabrera-Shirin Caiola-Laura Chernicky-Henry Milton Chu-Kelli Clevenger-Richard Divizio-Tony Domino-David Fultz-Natalie Hallam-Jordon Hodges-Erron Jay-Nicky Katt-Thomas Kosik-Don Kress-Tim Krueger-Dan Latham-Tom McComas-James Mellor-Joseph Oliveira-Buster Reeves-Peter Rnic-Amit Shah-Michelle Shields-Sofiya Smirnova-Bruce Spielbauer-Robert Patrick Stern-Robert Stone-Richard Strobel-Tom Townsend-John Turk-John Warman-Chris Wilson-Kevin Zaideman-Rob Clark-Brandon Lambdin-Craig Braginsky-Mike Whyte-Tina Simmons,joker-sadism-chaos-secret identity-crime fighter-superhero-anti hero-scarecrow-based on comic-vigilante-organized crime-tragic hero-anti villain-criminal mastermind-district attorney-super power-super villain-neo-noir,/qJ2tW6WMUDux911r6m7haRef0WH.jpg,/nMKdUUepR0i5zn0y1T4CsSB5chy.jpg,49026-272-27205-122-120-680-278-121-238-550-603-1726-68718-1891-24428-13-11-807-240-19995-16869
507086,Jurassic World Dominion,Adventure-Action-Science Fiction,en,Four years after the destruction of Isla Nublar Biosyn operatives attempt to track down Maisie Lockwood while Dr Ellie Sattler investigates a genetically engineered swarm of giant insects.,326.317,Amblin Entertainment-Universal Pictures,6/1/22,165000000,1001978080,147,Released,The epic conclusion of the Jurassic era.,6.9,4493,Chris Pratt-Bryce Dallas Howard-Laura Dern-Jeff Goldblum-Sam Neill-DeWanda Wise-Mamoudou Athie-Isabella Sermon-Campbell Scott-BD Wong-Omar Sy-Justice Smith-Daniella Pineda-Scott Haze-Dichen Lachman-Caleb Hearon-Kristoffer Polaha-Freya Parker-Alexander Owen-Joel Elferink-Elva Trill-Lillia Langley-Glynis Davies-Dimitri Vegas-Adam Kiani-Enzo Squillino Jr.-Bastian Antonio Fuentes-Ross Donnelly-Manuela Mora-Teresa Cendon-Garcia-Metin Hassan-Cokey Falkow-Jasmine Chiu-Emilie Jumeaux-Eleanor Tata-Lynn Hunter-Cathleen Summers-Patrick Loungway-Michael Bendib-Ahir Shah,giant monster-dinosaur-child kidnapping-jurassic-animal sanctuary-shot on film,/kAVRgw7GgK1CfYEJq8ME6EvRIgU.jpg,/jauI01vUIkPA0xVsamGj0Gs1nNL.jpg,438148-616037-361743-756999-338953-419669-585511-718789-871693-748918-766507-453395-913612-73369-225145-990593-348966-985898-610150-919355-560057
